"fit_id","data_id","method_id","calibration_mode","seed_index","fit_seed","paired_seed_id","terminal_status","actual_T1_sweeps","strict_practical_converged","objective_eligible","final_elbo","warning_count","elapsed_seconds","peak_memory_bytes","truth_used_for_fit_or_selection","formal_v0lv_result","truth_global_direction_count","truth_study_role_count","candidate_shared","candidate_specific_study_1","candidate_specific_study_2","selected_shared","selected_specific_study_1","selected_specific_study_2","selected_counts","selected_loading_rank_shared","selected_loading_rank_specific_study_1","selected_loading_rank_specific_study_2","R_A","R_B1","R_B2","L_B1_to_A","L_B2_to_A","L_A_to_B1","L_A_to_B2","global_correct","global_misplaced","global_missing","global_extra","global_duplicate","study_correct","study_misplaced","study_missing","study_candidate_extra","study_candidate_duplicate","strict_joint_recovery","strict_joint_correct_type","strict_joint_misplaced","matched_function_recall_mean","matched_trajectory_abs_cor_mean","matched_score_abs_cor_mean","correctly_placed_function_recall_mean","correctly_placed_trajectory_abs_cor_mean","correctly_placed_score_abs_cor_mean","shared_effective_M","specific_effective_M_study_1","specific_effective_M_study_2","signal_nrmse_all_candidates","signal_nrmse_ppi_selected","signal_nrmse_mean_only","iterations","t1_sweeps","continuation_used","P_A","P_B1","P_B2","min_correct_block_R","max_cross_block_L","dense_signal_nrmse_ppi_selected","dense_signal_relative_mise_ppi_selected","dense_signal_nrmse_all_candidates","feature_components_total","feature_components_matched","feature_total_ise_mean","feature_projection_floor_ise_mean","feature_estimate_to_projection_ise_mean","factor_kernels_total","factor_kernels_matched","kernel_relative_ise_mean","covariance_operator_relative_error_mean","loading_relative_l2_error_mean","loading_support_ppi_auc_mean","exact_correct_1_1_1"
"g12ic_01__G12IC__current_1_over_m__01","g12ic_01","current_1_over_m","none",1,82922101,"g12ic_01__seed_1","max_budget_reached",200,FALSE,TRUE,-145102.555467788,1,2214.92227244377,241496720,FALSE,FALSE,3,4,1,1,1,1,1,0,"1,1,0",1,1,0,9.17859594593297e-07,0.999172472440531,0,0.00151147673159661,0.998984609460086,8.09506529774978e-05,0,1,1,1,0,0,1,1,2,1,0,2,1,1,0.915847068800828,0.973889099489486,0.934823721753431,0.98619883404644,0.994092358473526,0.95515193450495,"2","2","2",0.524203724729398,0.524203724729398,0.694315984311729,299,200,FALSE,9.17859594593297e-07,0.999172472440531,0,0,0.998984609460086,0.536386343799572,0.287710309814672,0.536386343799572,8,4,0.112042505727264,0.0497906266774476,0.039945450626356,4,2,0.159548632685264,0.842799433931032,0.249694903409594,0.970844444444444,FALSE
"g12ic_01__G12IC__current_1_over_m__02","g12ic_01","current_1_over_m","none",2,82922102,"g12ic_01__seed_2","max_budget_reached",200,FALSE,TRUE,-151110.589718324,1,2008.36906051636,220461368,FALSE,FALSE,3,4,1,1,1,0,1,0,"0,1,0",0,1,0,0,5.27567927514632e-05,0,0,0,0.999480305724163,0,0,1,2,0,0,0,1,3,0,0,1,0,1,0.966116018322081,0.984713136325717,0.984356908162463,0,0,0,"2","2","2",0.584189114566095,0.584189114566095,0.690737397758263,299,200,FALSE,0,5.27567927514632e-05,0,0,0.999480305724163,0.601272582014839,0.361528717882792,0.601272582014839,8,2,0.0377779053481735,0.0497906266774476,0.0137478623993867,4,1,0.107105333059507,0.895471873107482,0.136584042852872,0.999955555555556,FALSE
"g12ic_01__G12IC__current_1_over_m__03","g12ic_01","current_1_over_m","none",3,82922103,"g12ic_01__seed_3","max_budget_reached",200,FALSE,TRUE,-134863.794896714,1,2220.36265826225,240538200,FALSE,FALSE,3,4,1,1,1,1,0,1,"1,0,1",1,0,1,0.999817396383099,0,0.998968975344174,1.36074760751698e-08,2.29916553577907e-09,0,2.76843948616411e-09,2,0,1,0,0,3,0,1,0,0,3,3,0,0.928607108174848,0.975586838240648,0.956050049026635,0.928607108174848,0.975586838240648,0.956050049026635,"2","2","2",0.385988573150337,0.385988573150337,0.69613150536132,299,200,FALSE,0.999817396383099,0,0.998968975344174,0,1.36074760751698e-08,0.426466268048472,0.181873477783191,0.426466268048472,8,6,0.0784876640985596,0.0497906266774476,0.0180601125309766,4,3,0.138781108905031,0.590261951718538,0.0859435205899054,0.991511111111111,FALSE
"g12ic_01__G12IC__current_1_over_m__04","g12ic_01","current_1_over_m","none",4,82922104,"g12ic_01__seed_4","max_budget_reached",200,FALSE,TRUE,-135455.806833822,1,2356.93171906471,241562576,FALSE,FALSE,3,4,1,1,1,1,1,1,"1,1,1",1,1,1,1.81771260874303e-09,6.23703019014888e-05,1.66903097192815e-08,0.00149452602168738,0.998969895571301,0.999467443856998,0.999580415575648,0,2,1,0,1,0,3,1,1,0,3,0,3,0.928335664699399,0.976038534887565,0.958064500601734,0,0,0,"2","2","2",0.385614225701486,0.385614225701486,0.695749996747163,299,200,FALSE,1.81771260874303e-09,6.23703019014888e-05,1.66903097192815e-08,1.81771260874303e-09,0.999580415575648,0.425175376267607,0.180774100584301,0.425175376267607,8,6,0.0824125144549177,0.0497906266774476,0.0217869543013515,4,3,0.152363266024885,0.682195237221934,0.209171464668609,0.991555555555556,FALSE
"g12ic_01__G12IC__current_1_over_m__05","g12ic_01","current_1_over_m","none",5,82922105,"g12ic_01__seed_5","max_budget_reached",200,FALSE,TRUE,-133916.641217746,1,2207.91946983337,240105936,FALSE,FALSE,3,4,1,1,1,1,1,0,"1,1,0",1,1,0,0.99981751577012,0.999196533587394,0,1.26742904496812e-09,8.34267566626803e-10,2.17647818425014e-08,0,2,0,1,0,0,3,0,1,0,0,3,3,0,0.835174722421544,0.97995992208062,0.850875014985316,0.835174722421544,0.97995992208062,0.850875014985316,"2","2","2",0.333848751105659,0.333848751105659,0.695565253922577,299,200,FALSE,0.99981751577012,0.999196533587394,0,0,2.17647818425014e-08,0.503055857767445,0.25306519603414,0.503055857767445,8,6,0.325093136285303,0.0497906266774476,0.306423186506241,4,3,0.21536381146844,0.772364256922045,0.198147811985342,0.979977777777778,FALSE
"g12ic_01__G12IC__current_1_over_m__06","g12ic_01","current_1_over_m","none",6,82922106,"g12ic_01__seed_6","max_budget_reached",200,FALSE,TRUE,-141422.686150082,1,2163.75374507904,241458056,FALSE,FALSE,3,4,1,1,1,1,0,0,"1,0,0",1,0,0,0.999816330244768,0,0,5.83851754061949e-08,5.9337863412432e-08,0,0,1,0,2,0,0,2,0,2,0,0,2,2,0,0.974002663796473,0.986645305912659,0.987032076395311,0.974002663796473,0.986645305912659,0.987032076395311,"2","2","2",0.477485471212713,0.477485471212713,0.692456482525662,299,200,FALSE,0.999816330244768,0,0,0,5.9337863412432e-08,0.503014507445781,0.253023594700922,0.503014507445781,8,4,0.0263098065604119,0.0497906266774476,0.00161284193438161,4,2,0.0847315159361178,0.75073637781905,0.0909360763986814,1,FALSE
"g12ic_01__G12IC__current_1_over_m__07","g12ic_01","current_1_over_m","none",7,82922107,"g12ic_01__seed_7","max_budget_reached",200,FALSE,TRUE,-141413.546806838,1,2073.96965622902,241598616,FALSE,FALSE,3,4,1,1,1,1,0,0,"1,0,0",1,0,0,0.999817177677632,0,0,5.3029380790478e-08,5.412443799091e-08,0,0,1,0,2,0,0,2,0,2,0,0,2,2,0,0.974017177398331,0.986647443121762,0.987358169465792,0.974017177398331,0.986647443121762,0.987358169465792,"2","2","2",0.477480586849469,0.477480586849469,0.692512639586804,299,200,FALSE,0.999817177677632,0,0,0,5.412443799091e-08,0.502900187625133,0.252908598713394,0.502900187625133,8,4,0.0262703820125412,0.0497906266774476,0.00156840087223889,4,2,0.0848268079152632,0.750629615311436,0.090157816163275,1,FALSE
"g12ic_01__G12IC__current_1_over_m__08","g12ic_01","current_1_over_m","none",8,82922108,"g12ic_01__seed_8","max_budget_reached",200,FALSE,TRUE,-132572.043803546,1,2220.02388501167,241311016,FALSE,FALSE,3,4,1,1,1,1,1,0,"1,1,0",1,1,0,0.99981911413389,0.99927074491935,0,6.03707004615975e-10,5.82839967333343e-10,9.69966351239898e-09,0,2,0,1,0,0,3,0,1,0,0,3,3,0,0.969944794910195,0.987865877693126,0.97809985063463,0.969944794910195,0.987865877693126,0.97809985063463,"2","2","2",0.327506541008023,0.327506541008023,0.69302047079907,299,200,FALSE,0.99981911413389,0.99927074491935,0,0,9.69966351239898e-09,0.352020478634375,0.123918417377975,0.352020478634375,8,6,0.0374876280414523,0.0497906266774476,0.0172184871821053,4,3,0.076583110192049,0.573599296598386,0.107794771175772,0.982133333333333,FALSE
"g12ic_01__G12IC__current_1_over_m__09","g12ic_01","current_1_over_m","none",9,82922109,"g12ic_01__seed_9","max_budget_reached",200,FALSE,TRUE,-154031.924175093,1,1997.4815363884,220445392,FALSE,FALSE,3,4,1,1,1,0,0,1,"0,0,1",0,0,1,0,0,0.998971367643639,0,0,0,6.42799727694564e-07,1,0,2,0,0,1,0,3,0,0,1,1,0,0.84249868505569,0.953362070925941,0.900832357970682,0.84249868505569,0.953362070925941,0.900832357970682,"2","2","2",0.629642236498235,0.629642236498235,0.69315668565233,299,200,FALSE,0,0,0.998971367643639,0,6.42799727694564e-07,0.648819642480774,0.420966928468879,0.648819642480774,8,2,0.176959743020405,0.0497906266774476,0.0446238008722743,4,1,0.247870312952862,0.893315724873199,0.0812943385189008,0.982488888888889,FALSE
"g12ic_01__G12IC__current_1_over_m__10","g12ic_01","current_1_over_m","none",10,82922110,"g12ic_01__seed_10","max_budget_reached",200,FALSE,TRUE,-151597.022665875,1,2077.55123806,241493960,FALSE,FALSE,3,4,1,1,1,1,0,0,"1,0,0",1,0,0,6.59227051129125e-05,0,0,0.999191004891754,0.00150688541477639,0,0,0,1,2,0,0,0,1,3,1,0,1,0,1,0.986328613451376,0.995137939917707,0.959419642214588,0,0,0,"2","2","2",0.594789850215312,0.594789850215312,0.690397419910437,299,200,FALSE,6.59227051129125e-05,0,0,0,0.999191004891754,0.601097363782674,0.36131804074648,0.601097363782674,8,2,0.0470903283175735,0.0497906266774476,0.0356396608269548,4,1,0.0642857866071428,0.933490088005149,0.197508817160684,0.9608,FALSE
"g12ic_01__G12IC__current_1_over_m__11","g12ic_01","current_1_over_m","none",11,82922111,"g12ic_01__seed_11","max_budget_reached",200,FALSE,TRUE,-125918.274053518,1,2355.92937517166,241605144,FALSE,FALSE,3,4,1,1,1,1,1,1,"1,1,1",1,1,1,0.999817069840702,0.99928584060621,0.998967414096263,1.24081492701549e-11,5.7964186456791e-10,7.95760852573704e-09,2.55621306198492e-09,3,0,0,0,0,4,0,0,0,0,4,4,0,0.942728064878372,0.98027594377382,0.957636764918642,0.942728064878372,0.98027594377382,0.957636764918642,"2","2","2",0.166189027584406,0.166189027584406,0.696937076555128,299,200,FALSE,0.999817069840702,0.99928584060621,0.998967414096263,0.998967414096263,7.95760852573704e-09,0.222865774458898,0.0496691534251642,0.222865774458898,8,8,0.0711465390067375,0.0497906266774476,0.0229145735013605,4,4,0.120532631940383,0.415843004780329,0.101920660849167,0.982725925925926,TRUE
"g12ic_01__G12IC__current_1_over_m__12","g12ic_01","current_1_over_m","none",12,82922112,"g12ic_01__seed_12","max_budget_reached",200,FALSE,TRUE,-141305.535077213,1,2081.28921341896,241416400,FALSE,FALSE,3,4,1,1,1,1,0,0,"1,0,0",1,0,0,0.999819539280827,0,0,4.38345049638044e-08,4.28252962384647e-08,0,0,1,0,2,0,0,2,0,2,0,0,2,2,0,0.972450069131825,0.986579491247584,0.986877274012052,0.972450069131825,0.986579491247584,0.986877274012052,"2","2","2",0.477451493582902,0.477451493582902,0.692545454693203,299,200,FALSE,0.999819539280827,0,0,0,4.38345049638044e-08,0.503399966122044,0.253411525891675,0.503399966122044,8,4,0.027864731974047,0.0497906266774476,0.00325337438541755,4,2,0.0849862312038522,0.752243032231999,0.0944948624096529,1,FALSE
"g12ic_01__G12IC__gram_unit_energy__01","g12ic_01","gram_unit_energy","function",1,82922101,"g12ic_01__seed_1","max_budget_reached",200,FALSE,TRUE,-125772.509916312,1,2346.30440378189,241642184,FALSE,FALSE,3,4,1,1,1,1,1,1,"1,1,1",1,1,1,0.99981938075344,0.999281391468594,0.998967586826806,1.85834885455656e-11,4.9080378267009e-10,5.99216322081366e-09,2.98564010421835e-09,3,0,0,0,0,4,0,0,0,0,4,4,0,0.943156576153948,0.980174152082141,0.956227328552288,0.943156576153948,0.980174152082141,0.956227328552288,"2","2","2",0.166079462525842,0.166079462525842,0.697013994853023,299,200,FALSE,0.99981938075344,0.999281391468594,0.998967586826806,0.998967586826806,5.99216322081366e-09,0.223823790922585,0.0500970893829571,0.223823790922585,8,8,0.0715055974388498,0.0497906266774476,0.0233066472225481,4,4,0.121174013803555,0.424459039471399,0.107003145022773,0.982740740740741,TRUE
"g12ic_01__G12IC__gram_unit_energy__02","g12ic_01","gram_unit_energy","function",2,82922102,"g12ic_01__seed_2","max_budget_reached",200,FALSE,TRUE,-125789.605044753,1,2342.77605271339,241583128,FALSE,FALSE,3,4,1,1,1,1,1,1,"1,1,1",1,1,1,0.999818305647558,0.999287287064235,0.998967509409786,2.114176523827e-11,5.64038760262433e-10,7.60797181489862e-09,3.16374518320198e-09,3,0,0,0,0,4,0,0,0,0,4,4,0,0.9433023988721,0.980759752019599,0.958514490573016,0.9433023988721,0.980759752019599,0.958514490573016,"2","2","2",0.166084028296682,0.166084028296682,0.69698482574946,299,200,FALSE,0.999818305647558,0.999287287064235,0.998967509409786,0.998967509409786,7.60797181489862e-09,0.222650709535229,0.0495733384565407,0.222650709535229,8,8,0.0703542072125058,0.0497906266774476,0.0221234890471325,4,4,0.120550968468452,0.416129961218919,0.103178913195704,0.982725925925926,TRUE
"g12ic_01__G12IC__gram_unit_energy__03","g12ic_01","gram_unit_energy","function",3,82922103,"g12ic_01__seed_3","max_budget_reached",200,FALSE,TRUE,-134922.474153111,1,2213.82047653198,241674256,FALSE,FALSE,3,4,1,1,1,1,0,1,"1,0,1",1,0,1,0.999819273810613,0,0.998970782886142,7.93953360125131e-09,1.38918954927418e-09,0,2.1160435046439e-09,2,0,1,0,0,3,0,1,0,0,3,3,0,0.927319346080944,0.975302739005816,0.957319550396327,0.927319346080944,0.975302739005816,0.957319550396327,"2","2","2",0.386083176691188,0.386083176691188,0.698623208544899,299,200,FALSE,0.999819273810613,0,0.998970782886142,0,7.93953360125131e-09,0.425957997023833,0.181440215228556,0.425957997023833,8,6,0.0796986900987865,0.0497906266774476,0.0191777869819533,4,3,0.138454724451843,0.588687372977439,0.0866810823364625,0.991511111111111,FALSE
"g12ic_01__G12IC__gram_unit_energy__04","g12ic_01","gram_unit_energy","function",4,82922104,"g12ic_01__seed_4","max_budget_reached",200,FALSE,TRUE,-135797.188796836,1,2347.46368002892,241579880,FALSE,FALSE,3,4,1,1,1,1,1,1,"1,1,1",1,1,1,2.13241965974084e-09,4.13439596537353e-11,0.99897462360454,0.999281907886584,0.00150081960892156,0.999542414986974,5.14266292042467e-07,1,2,0,0,0,1,2,1,1,0,3,1,2,0.930721165178204,0.97809838533495,0.94380937824697,0.840111962450389,0.953534677466558,0.889137008839152,"2","2","2",0.375749982730459,0.375749982730459,0.695054464074376,299,200,FALSE,2.13241965974084e-09,4.13439596537353e-11,0.99897462360454,4.13439596537353e-11,0.999542414986974,0.39906455372646,0.159252518040899,0.39906455372646,8,6,0.0893832647704424,0.0497906266774476,0.0335994640664226,4,3,0.139354506717147,0.685777961157082,0.13706495659261,0.982548148148148,FALSE
"g12ic_01__G12IC__gram_unit_energy__05","g12ic_01","gram_unit_energy","function",5,82922105,"g12ic_01__seed_5","max_budget_reached",200,FALSE,TRUE,-125840.257614821,1,2342.37032961845,241369424,FALSE,FALSE,3,4,1,1,1,1,1,1,"1,1,1",1,1,1,0.999816658952626,0.999282439970838,0.99897330762445,1.72116358911352e-11,5.7678617858576e-10,9.21354872420431e-09,1.90713346724379e-09,3,0,0,0,0,4,0,0,0,0,4,4,0,0.943815242725246,0.980319809267261,0.95956393942973,0.943815242725246,0.980319809267261,0.95956393942973,"2","2","2",0.166197426817958,0.166197426817958,0.696786194771409,299,200,FALSE,0.999816658952626,0.999282439970838,0.99897330762445,0.99897330762445,9.21354872420431e-09,0.220534351917247,0.04863540037556,0.220534351917247,8,8,0.0701827746863167,0.0497906266774476,0.0218575238498999,4,4,0.121453650735011,0.418310304726171,0.104048840705134,0.982740740740741,TRUE
"g12ic_01__G12IC__gram_unit_energy__06","g12ic_01","gram_unit_energy","function",6,82922106,"g12ic_01__seed_6","max_budget_reached",200,FALSE,TRUE,-132592.098590934,1,2209.69641757011,241546232,FALSE,FALSE,3,4,1,1,1,1,1,0,"1,1,0",1,1,0,0.999812511342505,0.999284163350947,0,6.28508307680545e-12,7.41661356187206e-10,4.47438258724841e-08,0,2,0,1,0,0,3,0,1,0,0,3,3,0,0.975210867206457,0.988353471491293,0.977439546199712,0.975210867206457,0.988353471491293,0.977439546199712,"2","2","2",0.327287221266167,0.327287221266167,0.693161093379071,299,200,FALSE,0.999812511342505,0.999284163350947,0,0,4.47438258724841e-08,0.350216680879464,0.122651723566228,0.350216680879464,8,6,0.0331470900945827,0.0497906266774476,0.0127320710232402,4,3,0.0766557903123011,0.570654850923394,0.107539971578846,0.982422222222222,FALSE
"g12ic_01__G12IC__gram_unit_energy__07","g12ic_01","gram_unit_energy","function",7,82922107,"g12ic_01__seed_7","max_budget_reached",200,FALSE,TRUE,-126022.275675788,1,2348.30446815491,241545424,FALSE,FALSE,3,4,1,1,1,1,1,1,"1,1,1",1,1,1,0.999814237868234,0.999280857303548,0.998969257474845,2.16357864247652e-12,8.4387439700208e-10,4.37640184829159e-08,1.47019368070414e-09,3,0,0,0,0,4,0,0,0,0,4,4,0,0.942193884715646,0.979768547452047,0.956054199332187,0.942193884715646,0.979768547452047,0.956054199332187,"2","2","2",0.167820083858161,0.167820083858161,0.696982372499346,299,200,FALSE,0.999814237868234,0.999280857303548,0.998969257474845,0.998969257474845,4.37640184829159e-08,0.225138607483947,0.0506873925798105,0.225138607483947,8,8,0.0708655253720045,0.0497906266774476,0.0225223933245332,4,4,0.121003074703016,0.415221927784765,0.100507027164653,0.982755555555556,TRUE
"g12ic_01__G12IC__gram_unit_energy__08","g12ic_01","gram_unit_energy","function",8,82922108,"g12ic_01__seed_8","max_budget_reached",200,FALSE,TRUE,-145263.854780977,1,2217.98887348175,241620640,FALSE,FALSE,3,4,1,1,1,1,1,0,"1,1,0",1,1,0,5.93671393052334e-07,0.999131004753702,0,0.0015016873996464,0.998993557283861,0.00011667011281563,0,1,1,1,0,0,1,1,2,1,0,2,1,1,0.911551975251552,0.973275381976387,0.932708020595842,0.979857412029691,0.993456883486695,0.960123901671636,"2","2","2",0.52427380549177,0.52427380549177,0.694258143775404,299,200,FALSE,5.93671393052334e-07,0.999131004753702,0,0,0.998993557283861,0.538167762505342,0.289624540600007,0.538167762505342,8,4,0.110231438200135,0.0497906266774476,0.0381978568056282,4,2,0.152992084531946,0.837089472329001,0.237793446592831,0.970911111111111,FALSE
"g12ic_01__G12IC__gram_unit_energy__09","g12ic_01","gram_unit_energy","function",9,82922109,"g12ic_01__seed_9","max_budget_reached",200,FALSE,TRUE,-125781.157446707,1,2315.59891867638,241611728,FALSE,FALSE,3,4,1,1,1,1,1,1,"1,1,1",1,1,1,0.999820662741137,0.999281271369376,0.998971882239307,1.19411594520919e-11,4.00525051226611e-10,6.11220994680567e-09,2.15403139701778e-09,3,0,0,0,0,4,0,0,0,0,4,4,0,0.943117777648032,0.980258727292164,0.956642486155749,0.943117777648032,0.980258727292164,0.956642486155749,"2","2","2",0.166067717624383,0.166067717624383,0.697187120771626,299,200,FALSE,0.999820662741137,0.999281271369376,0.998971882239307,0.998971882239307,6.11220994680567e-09,0.224199967403533,0.0502656253837455,0.224199967403533,8,8,0.0710578646240627,0.0497906266774476,0.0228413303825274,4,4,0.120720418691831,0.423147936410782,0.10591725711605,0.982740740740741,TRUE
"g12ic_01__G12IC__gram_unit_energy__10","g12ic_01","gram_unit_energy","function",10,82922110,"g12ic_01__seed_10","max_budget_reached",200,FALSE,TRUE,-125776.833324714,1,2321.67406201363,241642376,FALSE,FALSE,3,4,1,1,1,1,1,1,"1,1,1",1,1,1,0.999819797715768,0.999284038006676,0.998968673790968,4.60571946063936e-12,4.6917230112446e-10,8.06767488703408e-09,2.64674058568881e-09,3,0,0,0,0,4,0,0,0,0,4,4,0,0.942875841741591,0.980242629394194,0.954694120849422,0.942875841741591,0.980242629394194,0.954694120849422,"2","2","2",0.166057307549273,0.166057307549273,0.696895346093631,299,200,FALSE,0.999819797715768,0.999284038006676,0.998968673790968,0.998968673790968,8.06767488703408e-09,0.22612452606705,0.0511323012890482,0.22612452606705,8,8,0.0710760828313171,0.0497906266774476,0.0229242363593519,4,4,0.119982555667603,0.421452465915267,0.103240603531028,0.982696296296296,TRUE
"g12ic_01__G12IC__gram_unit_energy__11","g12ic_01","gram_unit_energy","function",11,82922111,"g12ic_01__seed_11","max_budget_reached",200,FALSE,TRUE,-126477.625029006,1,2341.08006048203,241528080,FALSE,FALSE,3,4,1,1,1,1,1,1,"1,1,1",1,1,1,0.999816554652492,0.999284619092097,0.998969415697288,9.60543590682887e-13,3.9088415965523e-10,3.59741057678887e-09,1.20683014517067e-10,3,0,0,0,0,4,0,0,0,0,4,4,0,0.926518979522643,0.977833763131476,0.959561091634691,0.926518979522643,0.977833763131476,0.959561091634691,"2","2","2",0.170659257796117,0.170659257796117,0.696849349619897,299,200,FALSE,0.999816554652492,0.999284619092097,0.998969415697288,0.998969415697288,3.59741057678887e-09,0.230329488156512,0.0530516731144408,0.230329488156512,8,8,0.0869617254141717,0.0497906266774476,0.0386331814459851,4,4,0.125093774085815,0.412869904944438,0.0970438166413394,0.982651851851852,TRUE
"g12ic_01__G12IC__gram_unit_energy__12","g12ic_01","gram_unit_energy","function",12,82922112,"g12ic_01__seed_12","max_budget_reached",200,FALSE,TRUE,-132474.799522271,1,2210.42427277565,241439640,FALSE,FALSE,3,4,1,1,1,1,1,0,"1,1,0",1,1,0,0.999820241075279,0.99927740231289,0,4.24972144712959e-10,4.76186116886049e-10,1.66285858958691e-08,0,2,0,1,0,0,3,0,1,0,0,3,3,0,0.973280621897353,0.98896687090765,0.978110480845922,0.973280621897353,0.98896687090765,0.978110480845922,"2","2","2",0.326990563993681,0.326990563993681,0.693022105263031,299,200,FALSE,0.999820241075279,0.99927740231289,0,0,1.66285858958691e-08,0.349771158386174,0.122339863238806,0.349771158386174,8,6,0.0368213493780356,0.0497906266774476,0.0165896236767478,4,3,0.0781722883148448,0.576778125296863,0.110708548899649,0.982555555555556,FALSE
"g12ic_02__G12IC__current_1_over_m__01","g12ic_02","current_1_over_m","none",1,82922201,"g12ic_02__seed_1","max_budget_reached",200,FALSE,TRUE,-131443.341418462,1,2338.62180662155,236569800,FALSE,FALSE,3,4,1,1,1,1,1,1,"1,1,1",1,1,1,2.0224586231911e-08,8.68866780100747e-09,0.0516940152423392,0.998605305899524,3.12284804219782e-05,0.999557932001292,0.941355169309952,0,2,1,0,1,0,3,1,1,0,3,0,3,0.773714508970538,0.974479052117267,0.857072640150546,0,0,0,"2","2","2",0.371809692003711,0.371809692003711,0.654763592345201,299,200,FALSE,2.0224586231911e-08,8.68866780100747e-09,0.0516940152423392,8.68866780100747e-09,0.999557932001292,0.496875237968596,0.246885002106349,0.496875237968596,8,6,0.424343726182101,0.0629136761533432,0.392592451317464,4,3,0.274893284619966,0.716758443278795,0.13367400214879,0.988555555555556,FALSE
"g12ic_02__G12IC__current_1_over_m__02","g12ic_02","current_1_over_m","none",2,82922202,"g12ic_02__seed_2","max_budget_reached",200,FALSE,TRUE,-131110.366050104,1,2336.62545967102,236611608,FALSE,FALSE,3,4,1,1,1,1,1,1,"1,1,1",1,1,1,6.41227096046649e-09,0.998637293578919,1.32429217118895e-08,4.58873035852848e-05,0.999240663186627,6.56787697467338e-07,0.998881051985794,1,2,0,0,0,1,2,1,1,0,3,1,2,0.806389752108609,0.970199566568109,0.755729625010933,0.675822570926676,0.977035787675783,0.378273576927736,"2","2","2",0.40189031352048,0.40189031352048,0.65253537835787,299,200,FALSE,6.41227096046649e-09,0.998637293578919,1.32429217118895e-08,6.41227096046649e-09,0.999240663186627,0.524473845611213,0.275072814730215,0.524473845611213,8,6,0.355763455110453,0.0629136761533432,0.291162254570225,4,3,0.407055237935212,0.805504997010618,0.196109180132239,0.982651851851852,FALSE
"g12ic_02__G12IC__current_1_over_m__03","g12ic_02","current_1_over_m","none",3,82922203,"g12ic_02__seed_3","max_budget_reached",200,FALSE,TRUE,-137711.082603597,1,2207.37279582024,235126856,FALSE,FALSE,3,4,1,1,1,1,0,1,"1,0,1",1,0,1,5.79048194974606e-07,0,0.0661310996475986,0.998621560964473,3.02852582327062e-05,0,0.927795345884052,0,2,1,0,0,0,2,2,1,0,2,0,2,0.786175919098189,0.975979810735499,0.903087858336056,0,0,0,"2","2","2",0.512266189723429,0.512266189723429,0.65192435168729,299,200,FALSE,5.79048194974606e-07,0,0.0661310996475986,0,0.998621560964473,0.521487687779725,0.271949408505844,0.521487687779725,8,4,0.306938686684137,0.0629136761533432,0.284850098971712,4,2,0.182308150435194,0.842946930551341,0.340854387775101,0.979933333333333,FALSE
"g12ic_02__G12IC__current_1_over_m__04","g12ic_02","current_1_over_m","none",4,82922204,"g12ic_02__seed_4","max_budget_reached",200,FALSE,TRUE,-138184.704554846,1,2071.72624778748,236446824,FALSE,FALSE,3,4,1,1,1,0,1,1,"0,1,1",0,1,1,0,0.998634089541247,0.0540787963825068,0,0,8.18241354874282e-07,0.939200258698214,1,1,1,0,0,1,1,2,0,0,2,1,1,0.690972742378027,0.971310000892734,0.787266617590857,0.716194990804859,0.980745164785465,0.683961532549324,"2","2","2",0.514661279239173,0.514661279239173,0.652359360867063,299,200,FALSE,0,0.998634089541247,0.0540787963825068,0,0.939200258698214,0.723322669434814,0.523195684118305,0.723322669434814,8,4,0.375503024305451,0.0629136761533432,0.351048376274612,4,2,0.661498040008522,1.22829320682965,0.417015573275986,0.981155555555556,FALSE
"g12ic_02__G12IC__current_1_over_m__05","g12ic_02","current_1_over_m","none",5,82922205,"g12ic_02__seed_5","max_budget_reached",200,FALSE,TRUE,-130046.631342373,1,2207.77447223663,235225264,FALSE,FALSE,3,4,1,1,1,1,1,0,"1,1,0",1,1,0,0.999765167339068,0.99862982022182,0,1.54222823739945e-09,4.10350438355798e-07,1.06986456815837e-08,0,2,0,1,0,0,3,0,1,0,0,3,3,0,0.869219298904159,0.982982530503011,0.868535294869793,0.869219298904159,0.982982530503011,0.868535294869793,"2","2","2",0.375380330356846,0.375380330356846,0.651714543049543,299,200,FALSE,0.999765167339068,0.99862982022182,0,0,4.10350438355798e-07,0.600159186630838,0.360191049297389,0.600159186630838,8,6,0.155119943325089,0.0629136761533432,0.119630763108171,4,3,0.377849558445708,0.975099589532451,0.275131586997721,0.986666666666667,FALSE
"g12ic_02__G12IC__current_1_over_m__06","g12ic_02","current_1_over_m","none",6,82922206,"g12ic_02__seed_6","max_budget_reached",200,FALSE,TRUE,-136013.779395737,1,2073.00068163872,236603968,FALSE,FALSE,3,4,1,1,1,1,0,0,"1,0,0",1,0,0,0.999763002583618,0,0,8.96954835958767e-10,5.61310085503096e-07,0,0,1,0,2,0,0,2,0,2,0,0,2,2,0,0.949258822690698,0.984934859704984,0.977042254391967,0.949258822690698,0.984934859704984,0.977042254391967,"2","2","2",0.462582733945276,0.462582733945276,0.649940222080269,299,200,FALSE,0.999763002583618,0,0,0,5.61310085503096e-07,0.496513790803918,0.246525944458477,0.496513790803918,8,4,0.0584242559949876,0.0629136761533432,0.00974545343848151,4,2,0.0901440300493666,0.745739954204415,0.112245901751494,0.978666666666667,FALSE
"g12ic_02__G12IC__current_1_over_m__07","g12ic_02","current_1_over_m","none",7,82922207,"g12ic_02__seed_7","max_budget_reached",200,FALSE,TRUE,-138262.784063375,1,2073.56539058685,236443640,FALSE,FALSE,3,4,1,1,1,0,1,1,"0,1,1",0,1,1,0,0.998646774419005,0.0629469910501705,0,0,5.52453696534123e-07,0.930826460267211,1,1,1,0,0,1,1,2,0,0,2,1,1,0.618295141861855,0.969288640483512,0.78449823339527,0.630721244489273,0.978292808472403,0.686957193505311,"2","2","2",0.514468373374673,0.514468373374673,0.652225218283943,299,200,FALSE,0,0.998646774419005,0.0629469910501705,0,0.930826460267211,0.574675948624505,0.330252445927475,0.574675948624505,8,4,0.6922165676125,0.0629136761533432,0.671260777717143,4,2,0.395227834410973,0.849376996619245,0.165967707651546,0.981044444444444,FALSE
"g12ic_02__G12IC__current_1_over_m__08","g12ic_02","current_1_over_m","none",8,82922208,"g12ic_02__seed_8","max_budget_reached",200,FALSE,TRUE,-138329.200117878,1,2216.64434480667,235267560,FALSE,FALSE,3,4,1,1,1,1,0,1,"1,0,1",1,0,1,3.80651103253704e-07,0,0.0618289186621261,0.998613348309756,3.06389562135794e-05,0,0.931745844437265,0,2,1,0,0,0,2,2,1,0,2,0,2,0.649863442228406,0.970657637672507,0.640888847408736,0,0,0,"2","2","2",0.514300972603673,0.514300972603673,0.652094192727828,299,200,FALSE,3.80651103253704e-07,0,0.0618289186621261,0,0.998613348309756,0.61846672508979,0.38250109004329,0.61846672508979,8,4,0.546648671573807,0.0629136761533432,0.524044052918681,4,2,0.400788392036132,0.891681562141522,0.222695334739582,0.980822222222222,FALSE
"g12ic_02__G12IC__current_1_over_m__09","g12ic_02","current_1_over_m","none",9,82922209,"g12ic_02__seed_9","max_budget_reached",200,FALSE,TRUE,-130514.243001649,1,2333.17768216133,236486192,FALSE,FALSE,3,4,1,1,1,1,1,1,"1,1,1",1,1,1,5.61059416046856e-09,0.998637405693827,1.0851877102596e-08,4.58512003812738e-05,0.99924815103623,1.08411163580797e-06,0.998877209664992,1,2,0,0,0,1,2,1,1,0,3,1,2,0.910214075275603,0.974877569657449,0.937843757410539,0.984411378109354,0.989017464750144,0.924706557295669,"2","2","2",0.399566335457358,0.399566335457358,0.651646421710385,299,200,FALSE,5.61059416046856e-09,0.998637405693827,1.0851877102596e-08,5.61059416046856e-09,0.99924815103623,0.422838508985342,0.178792404680948,0.422838508985342,8,6,0.113963556682108,0.0629136761533432,0.0488525598121279,4,3,0.256366988955859,0.715304907173293,0.197051306680169,0.98202962962963,FALSE
"g12ic_02__G12IC__current_1_over_m__10","g12ic_02","current_1_over_m","none",10,82922210,"g12ic_02__seed_10","max_budget_reached",200,FALSE,TRUE,-132248.021478587,1,2192.30705189705,236544920,FALSE,FALSE,3,4,1,1,1,1,1,0,"1,1,0",1,1,0,0.999739682947411,0.998639355428196,0,3.40279835476349e-10,2.28830782934454e-07,3.01348949126411e-07,0,2,0,1,0,0,3,0,1,0,0,3,3,0,0.584828372624104,0.963026744377223,0.790830485820875,0.584828372624104,0.963026744377223,0.790830485820875,"2","2","2",0.390630683206102,0.390630683206102,0.656243029767865,299,200,FALSE,0.999739682947411,0.998639355428196,0,0,3.01348949126411e-07,0.685217395512953,0.469522879113555,0.685217395512953,8,6,0.610233465938299,0.0629136761533432,0.586761595265148,4,3,0.498460269402196,1.13205066756058,0.312629624498548,0.982888888888889,FALSE
"g12ic_02__G12IC__current_1_over_m__11","g12ic_02","current_1_over_m","none",11,82922211,"g12ic_02__seed_11","max_budget_reached",200,FALSE,TRUE,-129453.506337695,1,2201.20344901085,235126664,FALSE,FALSE,3,4,1,1,1,1,0,1,"1,0,1",1,0,1,0.999775643910369,0,0.999262451673721,9.81348426710232e-10,5.83274415116978e-09,0,2.18295185212882e-09,2,0,1,0,0,3,0,1,0,0,3,3,0,0.90277129884452,0.971774194226568,0.955883030516015,0.90277129884452,0.971774194226568,0.955883030516015,"2","2","2",0.328226350785651,0.328226350785651,0.652379183849749,299,200,FALSE,0.999775643910369,0,0.999262451673721,0,5.83274415116978e-09,0.414983496198025,0.172211302116736,0.414983496198025,8,6,0.108719876392704,0.0629136761533432,0.030189127036221,4,3,0.245542987067098,0.671769626175517,0.0801562604151336,0.975933333333333,FALSE
"g12ic_02__G12IC__current_1_over_m__12","g12ic_02","current_1_over_m","none",12,82922212,"g12ic_02__seed_12","max_budget_reached",200,FALSE,TRUE,-132304.267935841,1,2209.94261240959,236573088,FALSE,FALSE,3,4,1,1,1,1,1,0,"1,1,0",1,1,0,0.999737298627579,0.998637325766417,0,3.43453561552976e-10,2.64224072670561e-07,4.40637253893667e-07,0,2,0,1,0,0,3,0,1,0,0,3,3,0,0.591547085744649,0.962783471105724,0.787084079142025,0.591547085744649,0.962783471105724,0.787084079142025,"2","2","2",0.3907236612039,0.3907236612039,0.656743299502212,299,200,FALSE,0.999737298627579,0.998637325766417,0,0,4.40637253893667e-07,0.673061663911881,0.45301200342783,0.673061663911881,8,6,0.585371563036022,0.0629136761533432,0.561269162384219,4,3,0.483993196080888,1.08564676277733,0.29500047131086,0.982844444444444,FALSE
"g12ic_02__G12IC__gram_unit_energy__01","g12ic_02","gram_unit_energy","function",1,82922201,"g12ic_02__seed_1","max_budget_reached",200,FALSE,TRUE,-131409.602552926,1,2329.20506000519,236582088,FALSE,FALSE,3,4,1,1,1,1,1,1,"1,1,1",1,1,1,2.06039587368383e-08,8.05858731556661e-09,0.0577263790222873,0.99860681332829,3.12346507626078e-05,0.99955881185377,0.935693368563122,0,2,1,0,1,0,3,1,1,0,3,0,3,0.756058520878666,0.974206885455539,0.853014920241467,0,0,0,"2","2","2",0.37129172659761,0.37129172659761,0.655366860394497,299,200,FALSE,2.06039587368383e-08,8.05858731556661e-09,0.0577263790222873,8.05858731556661e-09,0.99955881185377,0.498518162805924,0.248520358647394,0.498518162805924,8,6,0.450191662677942,0.0629136761533432,0.419093935819452,4,3,0.282767115345768,0.719299399318369,0.135493303882721,0.9886,FALSE
"g12ic_02__G12IC__gram_unit_energy__02","g12ic_02","gram_unit_energy","function",2,82922202,"g12ic_02__seed_2","max_budget_reached",200,FALSE,TRUE,-130498.851427898,1,2335.23382377625,236542400,FALSE,FALSE,3,4,1,1,1,1,1,1,"1,1,1",1,1,1,2.66884816938049e-08,1.1475458468449e-08,0.0547742875679758,0.998602862535689,3.09490103751888e-05,0.999558354502909,0.939914087120219,0,2,1,0,1,0,3,1,1,0,3,0,3,0.853630394523097,0.982101507584539,0.777882631396774,0,0,0,"2","2","2",0.366638908130471,0.366638908130471,0.650972785165072,299,200,FALSE,2.66884816938049e-08,1.1475458468449e-08,0.0547742875679758,1.1475458468449e-08,0.999558354502909,0.504208922904359,0.254226637936374,0.504208922904359,8,6,0.289081219885575,0.0629136761533432,0.254526805122072,4,3,0.24531690524379,0.717414637984434,0.116385891417211,0.988444444444444,FALSE
"g12ic_02__G12IC__gram_unit_energy__03","g12ic_02","gram_unit_energy","function",3,82922203,"g12ic_02__seed_3","max_budget_reached",200,FALSE,TRUE,-137737.141998365,1,2199.53860807419,236167904,FALSE,FALSE,3,4,1,1,1,1,0,1,"1,0,1",1,0,1,6.24717135608457e-07,0,0.0896784504126669,0.998613724681441,3.03617789871378e-05,0,0.905314842601419,0,2,1,0,0,0,2,2,1,0,2,0,2,0.776751697672829,0.973632251632554,0.879417281026826,0,0,0,"2","2","2",0.511360442282994,0.511360442282994,0.651351673233161,299,200,FALSE,6.24717135608457e-07,0,0.0896784504126669,0,0.998613724681441,0.522524806517988,0.273032173426661,0.522524806517988,8,4,0.327056011980216,0.0629136761533432,0.305965708620818,4,2,0.167455591089584,0.840344033381062,0.359395922100615,0.978266666666667,FALSE
"g12ic_02__G12IC__gram_unit_energy__04","g12ic_02","gram_unit_energy","function",4,82922204,"g12ic_02__seed_4","max_budget_reached",200,FALSE,TRUE,-125951.166172,1,2342.8831243515,235795552,FALSE,FALSE,3,4,1,1,1,1,1,1,"1,1,1",1,1,1,0.999751037218369,0.998620635227639,0.999266588121759,2.4622875736602e-10,4.32595952830948e-09,1.9376329194319e-07,3.40841576561257e-09,3,0,0,0,0,4,0,0,0,0,4,4,0,0.62527877870774,0.95628605887023,0.787536901419953,0.62527877870774,0.95628605887023,0.787536901419953,"2","2","2",0.216680529867193,0.216680529867193,0.661165235863585,299,200,FALSE,0.999751037218369,0.998620635227639,0.999266588121759,0.998620635227639,1.9376329194319e-07,0.55202728100787,0.304734118976942,0.55202728100787,8,8,0.568103363883227,0.0629136761533432,0.517476566286164,4,4,0.428520985109928,0.773320466258756,0.139279507438934,0.97962962962963,TRUE
"g12ic_02__G12IC__gram_unit_energy__05","g12ic_02","gram_unit_energy","function",5,82922205,"g12ic_02__seed_5","max_budget_reached",200,FALSE,TRUE,-123593.230937215,1,2301.099619627,236659952,FALSE,FALSE,3,4,1,1,1,1,1,1,"1,1,1",1,1,1,0.999774947575646,0.998619194977309,0.999263874251489,1.31317383410463e-09,5.64211770930502e-09,8.17330200691484e-09,2.35012784964564e-09,3,0,0,0,0,4,0,0,0,0,4,4,0,0.849824042237049,0.973741330673864,0.844233351949777,0.849824042237049,0.973741330673864,0.844233351949777,"2","2","2",0.186210810274177,0.186210810274177,0.653961277421734,299,200,FALSE,0.999774947575646,0.998619194977309,0.999263874251489,0.998619194977309,8.17330200691484e-09,0.466866047147847,0.217963905979455,0.466866047147847,8,8,0.193831995075574,0.0629136761533432,0.132776721859111,4,4,0.354227463413339,0.702323024599736,0.137059214586692,0.982266666666667,TRUE
"g12ic_02__G12IC__gram_unit_energy__06","g12ic_02","gram_unit_energy","function",6,82922206,"g12ic_02__seed_6","max_budget_reached",200,FALSE,TRUE,-131151.274406784,1,2320.90593266487,236154704,FALSE,FALSE,3,4,1,1,1,1,1,1,"1,1,1",1,1,1,5.45016521256244e-09,0.998646051484885,1.69112187310665e-08,4.59654955933028e-05,0.999245587756779,8.17573394529867e-07,0.998877775452062,1,2,0,0,0,1,2,1,1,0,3,1,2,0.814656000410059,0.970432456489715,0.824029034805272,0.703325420902461,0.97937766998054,0.584343669394428,"2","2","2",0.401884156539332,0.401884156539332,0.65176340958874,299,200,FALSE,5.45016521256244e-09,0.998646051484885,1.69112187310665e-08,5.45016521256244e-09,0.999245587756779,0.580397527364482,0.336861289770805,0.580397527364482,8,6,0.223813907208769,0.0629136761533432,0.158685575129787,4,3,0.478248241956709,0.898209385529681,0.248893049913841,0.982725925925926,FALSE
"g12ic_02__G12IC__gram_unit_energy__07","g12ic_02","gram_unit_energy","function",7,82922207,"g12ic_02__seed_7","max_budget_reached",200,FALSE,TRUE,-130648.155413859,1,2345.19270920753,236656640,FALSE,FALSE,3,4,1,1,1,1,1,1,"1,1,1",1,1,1,5.51123412680178e-08,1.44838964784111e-08,0.0594119730207243,0.998621626604937,3.04328848351123e-05,0.999553657992021,0.934046765934103,0,2,1,0,1,0,3,1,1,0,3,0,3,0.857038244211686,0.978581483007296,0.925705757935636,0,0,0,"2","2","2",0.368564482539901,0.368564482539901,0.653903147672568,299,200,FALSE,5.51123412680178e-08,1.44838964784111e-08,0.0594119730207243,1.44838964784111e-08,0.999553657992021,0.416554435744486,0.173517597938407,0.416554435744486,8,6,0.188697520057216,0.0629136761533432,0.15693901179733,4,3,0.145490778362859,0.671202238637378,0.222836634744696,0.987844444444444,FALSE
"g12ic_02__G12IC__gram_unit_energy__08","g12ic_02","gram_unit_energy","function",8,82922208,"g12ic_02__seed_8","max_budget_reached",200,FALSE,TRUE,-122928.094869553,1,2337.4377052784,236646760,FALSE,FALSE,3,4,1,1,1,1,1,1,"1,1,1",1,1,1,0.999773115378091,0.998621686455079,0.999260833084049,2.70474769493178e-09,6.33539150342473e-09,1.32729868624025e-08,1.76975402665937e-09,3,0,0,0,0,4,0,0,0,0,4,4,0,0.922160396741974,0.976269849234895,0.949223247257178,0.922160396741974,0.976269849234895,0.949223247257178,"2","2","2",0.181241797983173,0.181241797983173,0.6526183785982,299,200,FALSE,0.999773115378091,0.998621686455079,0.999260833084049,0.998621686455079,1.32729868624025e-08,0.286884686416286,0.0823028233001706,0.286884686416286,8,8,0.0965953415311846,0.0629136761533432,0.0356470870110771,4,4,0.212813695185223,0.472727635883534,0.105701162169777,0.981911111111111,TRUE
"g12ic_02__G12IC__gram_unit_energy__09","g12ic_02","gram_unit_energy","function",9,82922209,"g12ic_02__seed_9","max_budget_reached",200,FALSE,TRUE,-131698.36938715,1,2329.45418977737,236738112,FALSE,FALSE,3,4,1,1,1,1,1,1,"1,1,1",1,1,1,1.62255699827863e-08,9.85897577868623e-10,0.0605947969308436,0.998610831880881,3.11739394275705e-05,0.999558254755865,0.932954563469306,0,2,1,0,1,0,3,1,1,0,3,0,3,0.709349668089849,0.973017442425091,0.817122846744164,0,0,0,"2","2","2",0.372433587564515,0.372433587564515,0.654305179170911,299,200,FALSE,1.62255699827863e-08,9.85897577868623e-10,0.0605947969308436,9.85897577868623e-10,0.999558254755865,0.450303843802509,0.202773551743315,0.450303843802509,8,6,0.464637024322653,0.0629136761533432,0.434243090238782,4,3,0.257723395266524,0.697110247281752,0.193604116993658,0.9888,FALSE
"g12ic_02__G12IC__gram_unit_energy__10","g12ic_02","gram_unit_energy","function",10,82922210,"g12ic_02__seed_10","max_budget_reached",200,FALSE,TRUE,-131566.228590399,1,2195.94866418839,236544032,FALSE,FALSE,3,4,1,1,1,1,1,0,"1,1,0",1,1,0,0.999741249182741,0.998618825635987,0,3.0778077088339e-10,1.81363460186385e-07,3.00363939811322e-07,0,2,0,1,0,0,3,0,1,0,0,3,3,0,0.675071395712203,0.964255139999845,0.865570835044149,0.675071395712203,0.964255139999845,0.865570835044149,"2","2","2",0.388264580028128,0.388264580028128,0.656271886395377,299,200,FALSE,0.999741249182741,0.998618825635987,0,0,3.00363939811322e-07,0.468940371052656,0.219905071603003,0.468940371052656,8,6,0.511649087086403,0.0629136761533432,0.488245522735099,4,3,0.172648032381759,0.585897054619087,0.113691153367388,0.982355555555556,FALSE
"g12ic_02__G12IC__gram_unit_energy__11","g12ic_02","gram_unit_energy","function",11,82922211,"g12ic_02__seed_11","max_budget_reached",200,FALSE,TRUE,-122955.220366053,1,2344.74520945549,236634400,FALSE,FALSE,3,4,1,1,1,1,1,1,"1,1,1",1,1,1,0.999776180596057,0.998633183886639,0.999264588397051,1.43453896074072e-09,4.59893411083761e-09,1.30283300602139e-08,2.12149116347447e-09,3,0,0,0,0,4,0,0,0,0,4,4,0,0.92242278789298,0.976005440258006,0.948296511360363,0.92242278789298,0.976005440258006,0.948296511360363,"2","2","2",0.18116846362968,0.18116846362968,0.653862899224593,299,200,FALSE,0.999776180596057,0.998633183886639,0.999264588397051,0.998633183886639,1.30283300602139e-08,0.286985141598368,0.0823604714982355,0.286985141598368,8,8,0.0969290872048831,0.0629136761533432,0.0357058737847845,4,4,0.214278608699202,0.473951822339532,0.105434844534694,0.981837037037037,TRUE
"g12ic_02__G12IC__gram_unit_energy__12","g12ic_02","gram_unit_energy","function",12,82922212,"g12ic_02__seed_12","max_budget_reached",200,FALSE,TRUE,-132612.112623619,1,2197.98483252525,236598712,FALSE,FALSE,3,4,1,1,1,1,1,0,"1,1,0",1,1,0,0.999738347004362,0.998622270172058,0,7.20353608935611e-10,3.0982912773399e-07,3.0710319761032e-06,0,2,0,1,0,0,3,0,1,0,0,3,3,0,0.643960817351562,0.959055312383412,0.746322745571842,0.643960817351562,0.959055312383412,0.746322745571842,"2","2","2",0.39295380717206,0.39295380717206,0.658047080568554,299,200,FALSE,0.999738347004362,0.998622270172058,0,0,3.0710319761032e-06,0.598178692907831,0.357817748648921,0.598178692907831,8,6,0.459480166467528,0.0629136761533432,0.432347966726325,4,3,0.369755408933436,0.845287866609647,0.205413172775962,0.981355555555556,FALSE
"g12ic_03__G12IC__current_1_over_m__01","g12ic_03","current_1_over_m","none",1,82922301,"g12ic_03__seed_1","max_budget_reached",200,FALSE,TRUE,-134183.102493716,1,2052.85694813728,233322376,FALSE,FALSE,3,4,1,1,1,0,1,1,"0,1,1",0,1,1,0,0.999731489941994,0.999507179538043,0,0,1.33481942633342e-08,1.13590796846195e-06,2,0,1,0,0,2,0,2,0,0,2,2,0,0.933120095587017,0.990083318523917,0.99028258285132,0.933120095587017,0.990083318523917,0.99028258285132,"2","2","2",0.43628073065583,0.43628073065583,0.704132388059366,299,200,FALSE,0,0.999731489941994,0.999507179538043,0,1.13590796846195e-06,0.470368110868582,0.221246159722079,0.470368110868582,8,4,0.0709212856858002,0.0450414421480276,0.0217281521333513,4,2,0.0440293411189733,0.81216500859893,0.207853453085408,0.998644444444444,FALSE
"g12ic_03__G12IC__current_1_over_m__02","g12ic_03","current_1_over_m","none",2,82922302,"g12ic_03__seed_2","max_budget_reached",200,FALSE,TRUE,-129082.6164036,1,2205.05600953102,231711360,FALSE,FALSE,3,4,1,1,1,1,0,1,"1,0,1",1,0,1,0.999765879646928,0,0.999508690604031,5.23843789172545e-10,6.36372124068564e-11,0,2.42132016176604e-08,2,0,1,0,0,3,0,1,0,0,3,3,0,0.904133748211862,0.984712329324379,0.968242607385747,0.904133748211862,0.984712329324379,0.968242607385747,"2","2","2",0.414729194280858,0.414729194280858,0.697394875970069,299,200,FALSE,0.999765879646928,0,0.999508690604031,0,2.42132016176604e-08,0.439828357347578,0.193448983927068,0.439828357347578,8,6,0.108224383201923,0.0450414421480276,0.0544707540370032,4,3,0.069438665604116,0.53968659209598,0.0760914555733459,0.993244444444444,FALSE
"g12ic_03__G12IC__current_1_over_m__03","g12ic_03","current_1_over_m","none",3,82922303,"g12ic_03__seed_3","max_budget_reached",200,FALSE,TRUE,-128017.337305452,1,2229.42876672745,233403512,FALSE,FALSE,3,4,1,1,1,1,1,0,"1,1,0",1,1,0,0.999746633023087,0.999729133859056,0,5.92474424881711e-10,7.82492362312704e-11,1.82790776525506e-08,0,2,0,1,0,0,3,0,1,0,0,3,3,0,0.965417471384091,0.98998752171372,0.97862555683446,0.965417471384091,0.98998752171372,0.97862555683446,"2","2","2",0.383886800655218,0.383886800655218,0.689064748245485,299,200,FALSE,0.999746633023087,0.999729133859056,0,0,1.82790776525506e-08,0.411154526021683,0.169048044268114,0.411154526021683,8,6,0.042124378623729,0.0450414421480276,0.0144177483892646,4,3,0.0556932740310924,0.608990893734507,0.13749825657987,0.994444444444444,FALSE
"g12ic_03__G12IC__current_1_over_m__04","g12ic_03","current_1_over_m","none",4,82922304,"g12ic_03__seed_4","max_budget_reached",200,FALSE,TRUE,-138003.844201832,1,2066.46556854248,233416304,FALSE,FALSE,3,4,1,1,1,1,0,0,"1,0,0",1,0,0,0.999758649700388,0,0,2.31510309880137e-09,3.24276765988696e-08,0,0,1,0,2,0,0,2,0,2,0,0,2,2,0,0.941757986512937,0.986805189999109,0.965221995160648,0.941757986512937,0.986805189999109,0.965221995160648,"2","2","2",0.547808287523735,0.547808287523735,0.686292712727644,299,200,FALSE,0.999758649700388,0,0,0,3.24276765988696e-08,0.569597461974465,0.324441268687753,0.569597461974465,8,4,0.072076885978962,0.0450414421480276,0.0357260456752496,4,2,0.0729759730037306,0.733650992638043,0.0167057004328374,0.987377777777778,FALSE
"g12ic_03__G12IC__current_1_over_m__05","g12ic_03","current_1_over_m","none",5,82922305,"g12ic_03__seed_5","max_budget_reached",200,FALSE,TRUE,-119727.590146544,1,2315.00282263756,233026432,FALSE,FALSE,3,4,1,1,1,1,1,1,"1,1,1",1,1,1,0.999772556173955,0.999730879553897,0.999515093139288,7.65714009091646e-13,3.82566257595721e-11,9.8073874711675e-09,1.48191816888117e-08,3,0,0,0,0,4,0,0,0,0,4,4,0,0.904182163575432,0.984973161012265,0.971035077886647,0.904182163575432,0.984973161012265,0.971035077886647,"2","2","2",0.144912489550553,0.144912489550553,0.701547897422442,299,200,FALSE,0.999772556173955,0.999730879553897,0.999515093139288,0.999515093139288,1.48191816888117e-08,0.206422109401314,0.0426100872496881,0.206422109401314,8,8,0.107256399865528,0.0450414421480276,0.064710885728587,4,4,0.0645673480082264,0.424170177131904,0.136687171068702,0.995688888888889,TRUE
"g12ic_03__G12IC__current_1_over_m__06","g12ic_03","current_1_over_m","none",6,82922306,"g12ic_03__seed_6","max_budget_reached",200,FALSE,TRUE,-128367.711779625,1,2318.95343017578,233392048,FALSE,FALSE,3,4,1,1,1,1,1,1,"1,1,1",1,1,1,0.999761064864984,0.999729008153757,0.000330581777666871,5.64537148800319e-10,3.72654245678458e-10,4.12353047774849e-10,0.963967543883227,2,0,1,0,1,3,0,1,0,1,3,3,0,0.914493177266935,0.984078520416701,0.966383174300141,0.914493177266935,0.984078520416701,0.966383174300141,"2","2","2",0.383529702835144,0.383529702835144,0.688359323329815,299,200,FALSE,0.999761064864984,0.999729008153757,0.000330581777666871,0.000330581777666871,0.963967543883227,0.428982664084936,0.184026126085409,0.428982664084936,8,6,0.0978768678765983,0.0450414421480276,0.0713772510244355,4,3,0.0891598809858595,0.628684029014877,0.134623957353277,0.994066666666667,FALSE
"g12ic_03__G12IC__current_1_over_m__07","g12ic_03","current_1_over_m","none",7,82922307,"g12ic_03__seed_7","max_budget_reached",200,FALSE,TRUE,-137754.01338679,1,2085.48402452469,232950536,FALSE,FALSE,3,4,1,1,1,1,0,0,"1,0,0",1,0,0,0.999746747573521,0,0,2.92388562045304e-09,4.61125236216402e-08,0,0,1,0,2,0,0,2,0,2,0,0,2,2,0,0.954493439908945,0.988147320691799,0.970857642228364,0.954493439908945,0.988147320691799,0.970857642228364,"2","2","2",0.547425021453312,0.547425021453312,0.686252638819451,299,200,FALSE,0.999746747573521,0,0,0,4.61125236216402e-08,0.568358668336157,0.323031575872849,0.568358668336157,8,4,0.0571635467610565,0.0450414421480276,0.0210648964849851,4,2,0.0661878932118576,0.73096026240084,0.018969335401158,0.988133333333333,FALSE
"g12ic_03__G12IC__current_1_over_m__08","g12ic_03","current_1_over_m","none",8,82922308,"g12ic_03__seed_8","max_budget_reached",200,FALSE,TRUE,-145587.985987339,1,2008.07720398903,211523144,FALSE,FALSE,3,4,1,1,1,0,1,0,"0,1,0",0,1,0,0,5.02887118805536e-08,0,0,0,0.99934479412837,0,0,1,2,0,0,0,1,3,0,0,1,0,1,0.948218980142682,0.985696165311508,0.962508643451107,0,0,0,"2","2","2",0.616402381017514,0.616402381017514,0.686533268280003,299,200,FALSE,0,5.02887118805536e-08,0,0,0.99934479412837,0.637774557151394,0.406756385749657,0.637774557151394,8,2,0.0697123745985003,0.0450414421480276,0.034409113323436,4,1,0.105459992166113,0.878861920311361,0.0552947476387438,0.986355555555556,FALSE
"g12ic_03__G12IC__current_1_over_m__09","g12ic_03","current_1_over_m","none",9,82922309,"g12ic_03__seed_9","max_budget_reached",200,FALSE,TRUE,-137771.711291777,1,2054.68763613701,233098560,FALSE,FALSE,3,4,1,1,1,1,0,0,"1,0,0",1,0,0,0.999746593000361,0,0,2.92991334144987e-09,4.51798139730581e-08,0,0,1,0,2,0,0,2,0,2,0,0,2,2,0,0.954489768212066,0.988243416955892,0.971267204568618,0.954489768212066,0.988243416955892,0.971267204568618,"2","2","2",0.547424563611756,0.547424563611756,0.686246455398421,299,200,FALSE,0.999746593000361,0,0,0,4.51798139730581e-08,0.568361048715817,0.323034281697343,0.568361048715817,8,4,0.0565618424660116,0.0450414421480276,0.0204512581619107,4,2,0.0653663276287826,0.730677449742578,0.0190523032361297,0.988133333333333,FALSE
"g12ic_03__G12IC__current_1_over_m__10","g12ic_03","current_1_over_m","none",10,82922310,"g12ic_03__seed_10","max_budget_reached",200,FALSE,TRUE,-143374.688213199,1,1993.98409247398,212449784,FALSE,FALSE,3,4,1,1,1,0,1,0,"0,1,0",0,1,0,0,0.999732021198194,0,0,0,1.42014309876402e-08,0,1,0,2,0,0,1,0,3,0,0,1,1,0,0.987227476081924,0.994526311105567,0.993407352157129,0.987227476081924,0.994526311105567,0.993407352157129,"2","2","2",0.564937276949004,0.564937276949004,0.690252284418647,299,200,FALSE,0,0.999732021198194,0,0,1.42014309876402e-08,0.59512112657758,0.354169155298968,0.59512112657758,8,2,0.0129076249157859,0.0450414421480276,0.00200615634811385,4,1,0.0355409902725141,0.921370607050229,0.259764634225206,1,FALSE
"g12ic_03__G12IC__current_1_over_m__11","g12ic_03","current_1_over_m","none",11,82922311,"g12ic_03__seed_11","max_budget_reached",200,FALSE,TRUE,-137754.37208195,1,2064.21907377243,233317944,FALSE,FALSE,3,4,1,1,1,1,0,0,"1,0,0",1,0,0,0.999746700326729,0,0,2.8659664050126e-09,4.508893395446e-08,0,0,1,0,2,0,0,2,0,2,0,0,2,2,0,0.954509885037607,0.988286183986079,0.970829119398819,0.954509885037607,0.988286183986079,0.970829119398819,"2","2","2",0.54742500008032,0.54742500008032,0.686257143563288,299,200,FALSE,0.999746700326729,0,0,0,4.508893395446e-08,0.56835673648127,0.32302937990364,0.56835673648127,8,4,0.057251351814301,0.0450414421480276,0.0211534245104347,4,2,0.0662339241792708,0.73099465603013,0.0188748357530705,0.988133333333333,FALSE
"g12ic_03__G12IC__current_1_over_m__12","g12ic_03","current_1_over_m","none",12,82922312,"g12ic_03__seed_12","max_budget_reached",200,FALSE,TRUE,-136715.288115318,1,2208.98004078865,232380544,FALSE,FALSE,3,4,1,1,1,1,0,1,"1,0,1",1,0,1,3.57617151310498e-09,0,3.26095400417983e-09,0.000809723514932252,0.999507657217667,0,0.999253144975953,0,2,1,0,0,0,2,2,1,0,2,0,2,0.919138846593704,0.98889937962342,0.982415775148099,0,0,0,"2","2","2",0.51217673994195,0.51217673994195,0.697274359837306,299,200,FALSE,3.57617151310498e-09,0,3.26095400417983e-09,0,0.999507657217667,0.54080957274307,0.292474993970541,0.54080957274307,8,4,0.0888828210737419,0.0450414421480276,0.0266777814094699,4,2,0.0490475218147834,0.709607496646445,0.134099296161855,0.992777777777778,FALSE
"g12ic_03__G12IC__gram_unit_energy__01","g12ic_03","gram_unit_energy","function",1,82922301,"g12ic_03__seed_1","max_budget_reached",200,FALSE,TRUE,-118908.747962554,1,2343.51893544197,233481432,FALSE,FALSE,3,4,1,1,1,1,1,1,"1,1,1",1,1,1,0.999750227915899,0.99972945619098,0.999512443143311,5.83086470163483e-12,2.45427774012809e-11,1.90133390797086e-08,1.0060405612418e-08,3,0,0,0,0,4,0,0,0,0,4,4,0,0.943877036496851,0.98880538298046,0.97996237727264,0.943877036496851,0.98880538298046,0.97996237727264,"2","2","2",0.136368072592236,0.136368072592236,0.702761093116036,299,200,FALSE,0.999750227915899,0.99972945619098,0.999512443143311,0.999512443143311,1.90133390797086e-08,0.19039689572703,0.0362509779024894,0.19039689572703,8,8,0.0643775973000182,0.0450414421480276,0.0215753152207407,4,4,0.0553454817538525,0.432327946709928,0.143279326241709,0.995940740740741,TRUE
"g12ic_03__G12IC__gram_unit_energy__02","g12ic_03","gram_unit_energy","function",2,82922302,"g12ic_03__seed_2","max_budget_reached",200,FALSE,TRUE,-129399.261326039,1,2206.55909538269,233480256,FALSE,FALSE,3,4,1,1,1,1,0,1,"1,0,1",1,0,1,0.999770326741576,0,0.999512070373858,4.71265316927881e-10,1.15391098646858e-12,0,1.71529049246261e-08,2,0,1,0,0,3,0,1,0,0,3,3,0,0.883749122050261,0.983025045571576,0.96566215578067,0.883749122050261,0.983025045571576,0.96566215578067,"2","2","2",0.415834410486799,0.415834410486799,0.697793364780593,299,200,FALSE,0.999770326741576,0,0.999512070373858,0,1.71529049246261e-08,0.442346282076515,0.195670233266916,0.442346282076515,8,6,0.130282960664999,0.0450414421480276,0.0770803325880487,4,3,0.0733817453964246,0.542949906312202,0.0768705986002335,0.993222222222222,FALSE
"g12ic_03__G12IC__gram_unit_energy__03","g12ic_03","gram_unit_energy","function",3,82922303,"g12ic_03__seed_3","max_budget_reached",200,FALSE,TRUE,-118784.332751685,1,2344.27500247955,233378608,FALSE,FALSE,3,4,1,1,1,1,1,1,"1,1,1",1,1,1,0.999746478917863,0.999730301563361,0.999502905642937,4.77109033869835e-12,1.24594935701369e-11,1.23275261012183e-08,1.16907906713091e-08,3,0,0,0,0,4,0,0,0,0,4,4,0,0.94381200262507,0.988894154418122,0.980330489244283,0.94381200262507,0.988894154418122,0.980330489244283,"2","2","2",0.136177872844757,0.136177872844757,0.700434681157,299,200,FALSE,0.999746478917863,0.999730301563361,0.999502905642937,0.999502905642937,1.23275261012183e-08,0.189919631276931,0.0360694663443654,0.189919631276931,8,8,0.0638736276687558,0.0450414421480276,0.0211210688686033,4,4,0.0541597435503391,0.420556054056008,0.138228189009621,0.996059259259259,TRUE
"g12ic_03__G12IC__gram_unit_energy__04","g12ic_03","gram_unit_energy","function",4,82922304,"g12ic_03__seed_4","max_budget_reached",200,FALSE,TRUE,-128075.665994507,1,2201.95431828499,233440792,FALSE,FALSE,3,4,1,1,1,1,1,0,"1,1,0",1,1,0,0.999750250246372,0.999730522943046,0,5.72955757221859e-10,5.9314309129337e-11,1.74948685357894e-08,0,2,0,1,0,0,3,0,1,0,0,3,3,0,0.964514878687342,0.990197488564652,0.977342973899344,0.964514878687342,0.990197488564652,0.977342973899344,"2","2","2",0.383996792923514,0.383996792923514,0.690275799686068,299,200,FALSE,0.999750250246372,0.999730522943046,0,0,1.74948685357894e-08,0.41142283689733,0.169268750720647,0.41142283689733,8,6,0.0441578303560517,0.0450414421480276,0.016260207183552,4,3,0.0575044324181158,0.614529028898044,0.139033664274238,0.994177777777778,FALSE
"g12ic_03__G12IC__gram_unit_energy__05","g12ic_03","gram_unit_energy","function",5,82922305,"g12ic_03__seed_5","max_budget_reached",200,FALSE,TRUE,-126943.452881725,1,2336.07731628418,233401336,FALSE,FALSE,3,4,1,1,1,1,1,1,"1,1,1",1,1,1,2.0975663473188e-09,2.52017346675984e-09,0.999490307624018,0.999733907911609,0.000558091372871159,0.999347683686363,1.07352426895586e-06,1,2,0,0,0,1,2,1,1,0,3,1,2,0.92786199452697,0.98731081408079,0.978393112123079,0.87637794751316,0.983974346038062,0.981815603237034,"2","2","2",0.314954657972719,0.314954657972719,0.704236369859229,299,200,FALSE,2.0975663473188e-09,2.52017346675984e-09,0.999490307624018,2.0975663473188e-09,0.999733907911609,0.348167209429423,0.121220405721872,0.348167209429423,8,6,0.0820728705574481,0.0450414421480276,0.0366999502088297,4,3,0.069112354141634,0.650072933797493,0.100650483314904,0.994237037037037,FALSE
"g12ic_03__G12IC__gram_unit_energy__06","g12ic_03","gram_unit_energy","function",6,82922306,"g12ic_03__seed_6","max_budget_reached",200,FALSE,TRUE,-118834.74597647,1,2342.41774821281,233474768,FALSE,FALSE,3,4,1,1,1,1,1,1,"1,1,1",1,1,1,0.999746667541669,0.999731553489895,0.999508581372725,3.33230581267614e-12,5.60737966479087e-12,1.21060376125511e-08,8.36737246928214e-09,3,0,0,0,0,4,0,0,0,0,4,4,0,0.943523058021531,0.988856218151834,0.979866215335883,0.943523058021531,0.988856218151834,0.979866215335883,"2","2","2",0.136225023650698,0.136225023650698,0.70082072001699,299,200,FALSE,0.999746667541669,0.999731553489895,0.999508581372725,0.999508581372725,1.21060376125511e-08,0.190130895130791,0.0361497572832359,0.190130895130791,8,8,0.0643297796862682,0.0450414421480276,0.0213397412808901,4,4,0.0538676630129762,0.416418484551946,0.138313403743419,0.996074074074074,TRUE
"g12ic_03__G12IC__gram_unit_energy__07","g12ic_03","gram_unit_energy","function",7,82922307,"g12ic_03__seed_7","max_budget_reached",200,FALSE,TRUE,-137756.569831097,1,2060.89208292961,233469536,FALSE,FALSE,3,4,1,1,1,1,0,0,"1,0,0",1,0,0,0.999746708821065,0,0,2.85827705308815e-09,4.5046097036055e-08,0,0,1,0,2,0,0,2,0,2,0,0,2,2,0,0.954517329998802,0.988193465995162,0.970724425201048,0.954517329998802,0.988193465995162,0.970724425201048,"2","2","2",0.547425118576764,0.547425118576764,0.686269907719084,299,200,FALSE,0.999746708821065,0,0,0,4.5046097036055e-08,0.568356306436366,0.323028891065989,0.568356306436366,8,4,0.0573304703929955,0.0450414421480276,0.0212332393691901,4,2,0.066334509436656,0.731039493350792,0.0188124957072704,0.988133333333333,FALSE
"g12ic_03__G12IC__gram_unit_energy__08","g12ic_03","gram_unit_energy","function",8,82922308,"g12ic_03__seed_8","max_budget_reached",200,FALSE,TRUE,-128322.375356617,1,2212.15722632408,233307504,FALSE,FALSE,3,4,1,1,1,1,1,0,"1,1,0",1,1,0,0.999762684529383,0.999728007247897,0,4.66645845769434e-10,1.7605711066399e-10,3.37657607999793e-08,0,2,0,1,0,0,3,0,1,0,0,3,3,0,0.952544119937616,0.988421677093876,0.97417512559447,0.952544119937616,0.988421677093876,0.97417512559447,"2","2","2",0.384714240626068,0.384714240626068,0.68902888370419,299,200,FALSE,0.999762684529383,0.999728007247897,0,0,3.37657607999793e-08,0.413251793675852,0.170777044976309,0.413251793675852,8,6,0.0572258872455981,0.0450414421480276,0.0294389124546437,4,3,0.0612139623204016,0.612792738793476,0.13594620125747,0.993844444444444,FALSE
"g12ic_03__G12IC__gram_unit_energy__09","g12ic_03","gram_unit_energy","function",9,82922309,"g12ic_03__seed_9","max_budget_reached",200,FALSE,TRUE,-127159.384876365,1,2335.50171637535,233248752,FALSE,FALSE,3,4,1,1,1,1,1,1,"1,1,1",1,1,1,7.66714311542016e-09,3.28879781313736e-09,0.999502299011386,0.999731858202205,0.000559698114513422,0.999351818650986,9.56889958834094e-07,1,2,0,0,0,1,2,1,1,0,3,1,2,0.87755035256155,0.988203498862842,0.917343807225464,0.69910301530501,0.984489015751644,0.797283743117463,"2","2","2",0.316000447512073,0.316000447512073,0.705678047249872,299,200,FALSE,7.66714311542016e-09,3.28879781313736e-09,0.999502299011386,3.28879781313736e-09,0.999731858202205,0.397288195536717,0.157837910312821,0.397288195536717,8,6,0.152660353882159,0.0450414421480276,0.119627395333722,4,3,0.0976437774294949,0.672615467618808,0.123279245974439,0.994666666666667,FALSE
"g12ic_03__G12IC__gram_unit_energy__10","g12ic_03","gram_unit_energy","function",10,82922310,"g12ic_03__seed_10","max_budget_reached",200,FALSE,TRUE,-128008.679982779,1,2204.65755057335,233328384,FALSE,FALSE,3,4,1,1,1,1,1,0,"1,1,0",1,1,0,0.999746862265318,0.999730042138583,0,7.36350129493371e-10,9.02780683223559e-11,1.43482095371539e-08,0,2,0,1,0,0,3,0,1,0,0,3,3,0,0.9651747214247,0.990564900699662,0.978504977264391,0.9651747214247,0.990564900699662,0.978504977264391,"2","2","2",0.383887884070367,0.383887884070367,0.690460401555843,299,200,FALSE,0.999746862265318,0.999730042138583,0,0,1.43482095371539e-08,0.411256670975065,0.169132049421493,0.411256670975065,8,6,0.0424015447394656,0.0450414421480276,0.0146941211203663,4,3,0.0553786162799193,0.613972614809158,0.140464476978346,0.994422222222222,FALSE
"g12ic_03__G12IC__gram_unit_energy__11","g12ic_03","gram_unit_energy","function",11,82922311,"g12ic_03__seed_11","max_budget_reached",200,FALSE,TRUE,-129111.877472188,1,2342.26194095612,233490608,FALSE,FALSE,3,4,1,1,1,1,1,1,"1,1,1",1,1,1,0.999652392551192,2.97082532519513e-08,0.999524839648552,1.2620731117903e-11,2.73466564510041e-10,0.997865328579226,3.57264275133445e-09,2,0,1,0,1,3,0,1,0,1,2,2,0,0.871688113556885,0.924413197576842,0.878155831065385,0.871688113556885,0.924413197576842,0.878155831065385,"2","2","2",0.413375528106208,0.413375528106208,0.701408530990912,299,200,FALSE,0.999652392551192,2.97082532519513e-08,0.999524839648552,2.97082532519513e-08,0.997865328579226,0.507955478379606,0.258018768015854,0.507955478379606,8,6,0.153571492624642,0.0450414421480276,0.111484643955037,4,3,0.0743252370652492,0.671389732978973,0.179712437477859,0.993,FALSE
"g12ic_03__G12IC__gram_unit_energy__12","g12ic_03","gram_unit_energy","function",12,82922312,"g12ic_03__seed_12","max_budget_reached",200,FALSE,TRUE,-136502.731710241,1,2338.64816451073,233436592,FALSE,FALSE,3,4,1,1,1,1,1,1,"1,1,1",1,1,1,9.5545186102485e-07,5.19978499856374e-08,0.864874900561624,0.000834697333544319,0.999445676068605,0.999346224899536,0.000145305796326574,0,2,1,0,1,0,2,2,1,1,2,0,2,0.904660641868394,0.984060300378465,0.975003190375519,0,0,0,"2","2","2",0.500223519663898,0.500223519663898,0.696229742028106,299,200,FALSE,9.5545186102485e-07,5.19978499856374e-08,0.864874900561624,5.19978499856374e-08,0.999445676068605,0.556656390687946,0.309866337293731,0.556656390687946,8,4,0.110143165438589,0.0450414421480276,0.0515333476915628,4,2,0.081470281430123,0.836478894782158,0.122270680982342,0.991822222222222,FALSE
"g12ic_04__G12IC__current_1_over_m__01","g12ic_04","current_1_over_m","none",1,82922401,"g12ic_04__seed_1","max_budget_reached",200,FALSE,TRUE,-137044.724605834,1,2205.02676653862,235086320,FALSE,FALSE,3,4,1,1,1,1,1,0,"1,1,0",1,1,0,0.999309930265498,1.43822509372917e-06,0,9.4318820215208e-07,1.91912430884625e-06,0.998336972275767,0,1,0,2,0,1,2,0,2,0,1,1,1,0,0.933842145529915,0.747884226515386,0.729505808418808,0.933842145529915,0.747884226515386,0.729505808418808,"2","2","2",0.497390196348469,0.497390196348469,0.629050871674437,299,200,FALSE,0.999309930265498,1.43822509372917e-06,0,0,0.998336972275767,0.518111655940897,0.268439688021818,0.518111655940897,8,4,0.157422752639512,0.0324863555156086,0.120664432169767,4,2,0.264358594262731,0.807421096929128,0.216560428461819,0.9984,FALSE
"g12ic_04__G12IC__current_1_over_m__02","g12ic_04","current_1_over_m","none",2,82922402,"g12ic_04__seed_2","max_budget_reached",200,FALSE,TRUE,-128651.816780186,1,2341.04188466072,235315520,FALSE,FALSE,3,4,1,1,1,1,1,1,"1,1,1",1,1,1,0.9994067583982,1.41501581760296e-05,0.999626342680383,1.26261772377313e-08,1.63833673450745e-08,0.959620114870666,2.32265780798938e-10,2,0,1,0,1,3,0,1,0,1,3,3,0,0.957724181783281,0.971465945136012,0.95101044673259,0.957724181783281,0.971465945136012,0.95101044673259,"2","2","2",0.321330159387692,0.321330159387692,0.629736569185133,299,200,FALSE,0.9994067583982,1.41501581760296e-05,0.999626342680383,1.41501581760296e-05,0.959620114870666,0.388944434974056,0.151277773497287,0.388944434974056,8,6,0.0850739273639785,0.0324863555156086,0.0535216897977964,4,3,0.153870511695933,0.611963828206373,0.122427098127507,0.987555555555556,FALSE
"g12ic_04__G12IC__current_1_over_m__03","g12ic_04","current_1_over_m","none",3,82922403,"g12ic_04__seed_3","max_budget_reached",200,FALSE,TRUE,-137036.828423715,1,2067.51085066795,235298064,FALSE,FALSE,3,4,1,1,1,1,0,0,"1,0,0",1,0,0,0.999436125093312,0,0,8.43924045818047e-09,7.5161888444074e-09,0,0,1,0,2,0,0,2,0,2,0,0,2,2,0,0.949933166313491,0.966814901336982,0.938580084834334,0.949933166313491,0.966814901336982,0.938580084834334,"2","2","2",0.49953187760965,0.49953187760965,0.629402747297498,299,200,FALSE,0.999436125093312,0,0,0,8.43924045818047e-09,0.505432628875932,0.255462142332436,0.505432628875932,8,4,0.0941835873293102,0.0324863555156086,0.0548516770345428,4,2,0.189276524988518,0.779434907463995,0.123607687255163,0.999777777777778,FALSE
"g12ic_04__G12IC__current_1_over_m__04","g12ic_04","current_1_over_m","none",4,82922404,"g12ic_04__seed_4","max_budget_reached",200,FALSE,TRUE,-128952.37410974,1,2355.70000576973,235322088,FALSE,FALSE,3,4,1,1,1,1,1,1,"1,1,1",1,1,1,0.999186349469045,1.79457797524751e-09,0.999632078699426,9.50134682540557e-09,1.19285950926379e-07,0.998178451455416,1.3657951465374e-10,2,0,1,0,1,3,0,1,0,1,2,2,0,0.945398770046374,0.893136037992834,0.893723339157495,0.945398770046374,0.893136037992834,0.893723339157495,"2","2","2",0.321726449205771,0.321726449205771,0.630696690090189,299,200,FALSE,0.999186349469045,1.79457797524751e-09,0.999632078699426,1.79457797524751e-09,0.998178451455416,0.37787559129747,0.142789962498413,0.37787559129747,8,6,0.118987625405389,0.0324863555156086,0.0886199899478815,4,3,0.192617173582779,0.637464152918241,0.164629680238939,0.987177777777778,FALSE
"g12ic_04__G12IC__current_1_over_m__05","g12ic_04","current_1_over_m","none",5,82922405,"g12ic_04__seed_5","max_budget_reached",200,FALSE,TRUE,-128928.279718332,1,2213.21310043335,235284136,FALSE,FALSE,3,4,1,1,1,1,0,1,"1,0,1",1,0,1,0.999435232358695,0,0.999628478782267,5.25117829758903e-09,4.2642742869997e-09,0,4.86465945967231e-10,2,0,1,0,0,3,0,1,0,0,3,3,0,0.959811487902334,0.976831387138721,0.944563458327743,0.959811487902334,0.976831387138721,0.944563458327743,"2","2","2",0.325156510025722,0.325156510025722,0.630155701168778,299,200,FALSE,0.999435232358695,0,0.999628478782267,0,5.25117829758903e-09,0.339365210510496,0.115168746104834,0.339365210510496,8,6,0.0829096822578716,0.0324863555156086,0.0509683349304728,4,3,0.143809166989544,0.590248275670163,0.111533825495395,0.987555555555556,FALSE
"g12ic_04__G12IC__current_1_over_m__06","g12ic_04","current_1_over_m","none",6,82922406,"g12ic_04__seed_6","strict_practical_converged",84,TRUE,TRUE,-149715.150613895,0,1158.66114330292,235279352,FALSE,FALSE,3,4,1,1,1,0,0,0,"0,0,0",0,0,0,0,0,0,0,0,0,0,0,0,3,0,0,0,0,4,0,0,0,0,0,0,0,0,0,0,0,"2","2","2",0.628481491964953,0.628481491964953,0.628481491964953,183,84,FALSE,0,0,0,0,0,0.644505244652996,0.415387010385218,0.644505244652996,8,0,,0.0324863555156086,,4,0,,1,,,FALSE
"g12ic_04__G12IC__current_1_over_m__07","g12ic_04","current_1_over_m","none",7,82922407,"g12ic_04__seed_7","max_budget_reached",200,FALSE,TRUE,-128809.403427758,1,2348.20412778854,235353520,FALSE,FALSE,3,4,1,1,1,1,1,1,"1,1,1",1,1,1,0.999306078568548,2.08692791556227e-06,0.99963166121898,1.37079338865653e-08,2.59915274265602e-09,0.996837130553546,1.20916001377868e-10,2,0,1,0,1,3,0,1,0,1,3,3,0,0.954201320385268,0.943688085762348,0.933078382581344,0.954201320385268,0.943688085762348,0.933078382581344,"2","2","2",0.321373354650143,0.321373354650143,0.629553873230524,299,200,FALSE,0.999306078568548,2.08692791556227e-06,0.99963166121898,2.08692791556227e-06,0.996837130553546,0.405184698020303,0.164174639509804,0.405184698020303,8,6,0.102626976132619,0.0324863555156086,0.0717237445287532,4,3,0.170091018339049,0.675987903603995,0.180070084032334,0.987377777777778,FALSE
"g12ic_04__G12IC__current_1_over_m__08","g12ic_04","current_1_over_m","none",8,82922408,"g12ic_04__seed_8","max_budget_reached",200,FALSE,TRUE,-137078.825386896,1,2076.67400312424,235259248,FALSE,FALSE,3,4,1,1,1,1,0,0,"1,0,0",1,0,0,0.999435222677351,0,0,8.4296017659092e-09,7.02219462798514e-09,0,0,1,0,2,0,0,2,0,2,0,0,2,2,0,0.949927134921741,0.96570219611892,0.942585840783306,0.949927134921741,0.96570219611892,0.942585840783306,"2","2","2",0.49952922452829,0.49952922452829,0.630262347412332,299,200,FALSE,0.999435222677351,0,0,0,8.4296017659092e-09,0.505436644033122,0.255466201131465,0.505436644033122,8,4,0.0902312399719742,0.0324863555156086,0.0507875873553556,4,2,0.185057215873311,0.778974183282409,0.121757231610014,0.999777777777778,FALSE
"g12ic_04__G12IC__current_1_over_m__09","g12ic_04","current_1_over_m","none",9,82922409,"g12ic_04__seed_9","max_budget_reached",200,FALSE,TRUE,-135888.881729299,1,2205.64773607254,234027816,FALSE,FALSE,3,4,1,1,1,1,0,1,"1,0,1",1,0,1,2.1950601791886e-10,0,1.30672271136905e-08,0.00660735966060845,0.999632046227237,0,0.999106692863119,0,2,1,0,0,0,2,2,1,0,2,0,2,0.96213249659465,0.980648308115479,0.938611436231445,0,0,0,"2","2","2",0.430090671026648,0.430090671026648,0.629486627419314,299,200,FALSE,2.1950601791886e-10,0,1.30672271136905e-08,0,0.999632046227237,0.457727577642809,0.209514535334754,0.457727577642809,8,4,0.11972862657925,0.0324863555156086,0.0928716755505413,4,2,0.15577965221786,0.805424891791215,0.228640536692284,0.983244444444444,FALSE
"g12ic_04__G12IC__current_1_over_m__10","g12ic_04","current_1_over_m","none",10,82922410,"g12ic_04__seed_10","max_budget_reached",200,FALSE,TRUE,-129266.223681715,1,2202.07891535759,231909392,FALSE,FALSE,3,4,1,1,1,1,1,0,"1,1,0",1,1,0,0.99943596968417,0.999027578441556,0,7.01002102602293e-10,2.54265347293387e-09,2.03450777320802e-08,0,2,0,1,0,0,3,0,1,0,0,3,3,0,0.954779993076682,0.975110427337595,0.95646718627239,0.954779993076682,0.975110427337595,0.95646718627239,"2","2","2",0.409920659102772,0.409920659102772,0.630360050132312,299,200,FALSE,0.99943596968417,0.999027578441556,0,0,2.03450777320802e-08,0.42096712919787,0.177213323865096,0.42096712919787,8,6,0.0760167607149299,0.0324863555156086,0.0401892740039147,4,3,0.140163788130411,0.608604989262164,0.157667187414104,0.997711111111111,FALSE
"g12ic_04__G12IC__current_1_over_m__11","g12ic_04","current_1_over_m","none",11,82922411,"g12ic_04__seed_11","max_budget_reached",200,FALSE,TRUE,-128971.62089967,1,2205.63568210602,235158936,FALSE,FALSE,3,4,1,1,1,1,0,1,"1,0,1",1,0,1,0.999434303002385,0,0.999626602390159,4.31923602543356e-09,3.46830610925619e-09,0,3.85827500772137e-10,2,0,1,0,0,3,0,1,0,0,3,3,0,0.959786580644774,0.976618748928091,0.944292196191465,0.959786580644774,0.976618748928091,0.944292196191465,"2","2","2",0.325159294761201,0.325159294761201,0.630187401877429,299,200,FALSE,0.999434303002385,0,0.999626602390159,0,4.31923602543356e-09,0.339417831883467,0.115204464600474,0.339417831883467,8,6,0.0833537698067415,0.0324863555156086,0.0514208770761931,4,3,0.143907312486813,0.590762911738054,0.111258067340409,0.987533333333333,FALSE
"g12ic_04__G12IC__current_1_over_m__12","g12ic_04","current_1_over_m","none",12,82922412,"g12ic_04__seed_12","max_budget_reached",200,FALSE,TRUE,-121244.773899162,1,2343.01961541176,233117568,FALSE,FALSE,3,4,1,1,1,1,1,1,"1,1,1",1,1,1,0.999436701209685,0.999042646485589,0.999626352088939,6.32123137031026e-10,2.90514415947752e-09,2.55800870385858e-08,3.96591585847718e-10,3,0,0,0,0,4,0,0,0,0,4,4,0,0.960985494259212,0.980551460510661,0.957776841930553,0.960985494259212,0.980551460510661,0.957776841930553,"2","2","2",0.155668354054668,0.155668354054668,0.630455444807224,299,200,FALSE,0.999436701209685,0.999042646485589,0.999626352088939,0.999042646485589,2.55800870385858e-08,0.192051263246813,0.0368836877146967,0.192051263246813,8,8,0.0707565305561305,0.0324863555156086,0.039551874167742,4,4,0.11741375393042,0.418770817326156,0.139746034685261,0.990222222222222,TRUE
"g12ic_04__G12IC__gram_unit_energy__01","g12ic_04","gram_unit_energy","function",1,82922401,"g12ic_04__seed_1","max_budget_reached",200,FALSE,TRUE,-135488.937584507,1,2187.82143831253,235359608,FALSE,FALSE,3,4,1,1,1,1,1,0,"1,1,0",1,1,0,2.79713846051714e-08,8.29317581569491e-08,0,0.00660667113360221,0.999628170312521,0.998923478412672,0,0,2,1,0,0,0,2,2,1,0,2,0,2,0.958372097644003,0.986682186458017,0.950501413142652,0,0,0,"2","2","2",0.414185059533148,0.414185059533148,0.629481481062175,299,200,FALSE,2.79713846051714e-08,8.29317581569491e-08,0,0,0.999628170312521,0.42717739016083,0.182480522664618,0.42717739016083,8,4,0.0721950658428896,0.0324863555156086,0.0435656069310557,4,2,0.1240091080169,0.827641579147853,0.13041852024204,0.986777777777778,FALSE
"g12ic_04__G12IC__gram_unit_energy__02","g12ic_04","gram_unit_energy","function",2,82922402,"g12ic_04__seed_2","max_budget_reached",200,FALSE,TRUE,-128655.231355137,1,2345.32878899574,235246160,FALSE,FALSE,3,4,1,1,1,1,1,1,"1,1,1",1,1,1,0.999405732201138,1.54803157206814e-05,0.999626916676725,9.31974269107389e-09,1.07351927415508e-08,0.95185188721487,2.1729785452351e-10,2,0,1,0,1,3,0,1,0,1,3,3,0,0.958164792460679,0.971827439760506,0.95398504388814,0.958164792460679,0.971827439760506,0.95398504388814,"2","2","2",0.321409289932871,0.321409289932871,0.629595024452484,299,200,FALSE,0.999405732201138,1.54803157206814e-05,0.999626916676725,1.54803157206814e-05,0.95185188721487,0.374233659423112,0.140050831845214,0.374233659423112,8,6,0.0820895530070439,0.0324863555156086,0.0504221159884435,4,3,0.151195331008275,0.601413907978481,0.120658492992455,0.987511111111111,FALSE
"g12ic_04__G12IC__gram_unit_energy__03","g12ic_04","gram_unit_energy","function",3,82922403,"g12ic_04__seed_3","max_budget_reached",200,FALSE,TRUE,-121205.289148484,1,2344.16145992279,235456544,FALSE,FALSE,3,4,1,1,1,1,1,1,"1,1,1",1,1,1,0.99943554279694,0.999026771527331,0.999629184850191,6.47727327082585e-10,2.89874896409161e-09,1.96113152037743e-08,4.96056480819534e-10,3,0,0,0,0,4,0,0,0,0,4,4,0,0.961058997739172,0.980246164031085,0.956747913866542,0.961058997739172,0.980246164031085,0.956747913866542,"2","2","2",0.155664336035557,0.155664336035557,0.630934839660457,299,200,FALSE,0.99943554279694,0.999026771527331,0.999629184850191,0.999026771527331,1.96113152037743e-08,0.192000192716373,0.0368640740031244,0.192000192716373,8,8,0.0717067631459022,0.0324863555156086,0.0405279707084271,4,4,0.117880259072307,0.419651414904048,0.138617301535619,0.990251851851852,TRUE
"g12ic_04__G12IC__gram_unit_energy__04","g12ic_04","gram_unit_energy","function",4,82922404,"g12ic_04__seed_4","max_budget_reached",200,FALSE,TRUE,-128807.560596067,1,2335.7684173584,235309472,FALSE,FALSE,3,4,1,1,1,1,1,1,"1,1,1",1,1,1,0.999119818489581,2.73252186657648e-08,0.999628077648888,5.21468493043606e-09,6.33965498846953e-08,0.997744789921951,1.91920558333233e-10,2,0,1,0,1,3,0,1,0,1,2,2,0,0.948752514723251,0.907534207523349,0.901444047039672,0.948752514723251,0.907534207523349,0.901444047039672,"2","2","2",0.321205335110271,0.321205335110271,0.629482749934308,299,200,FALSE,0.999119818489581,2.73252186657648e-08,0.999628077648888,2.73252186657648e-08,0.997744789921951,0.84789525415893,0.718926362025237,0.84789525415893,8,6,0.126709643554577,0.0324863555156086,0.0965950862489387,4,3,0.191815631335217,2.43944326219043,0.200289032596896,0.987111111111111,FALSE
"g12ic_04__G12IC__gram_unit_energy__05","g12ic_04","gram_unit_energy","function",5,82922405,"g12ic_04__seed_5","max_budget_reached",200,FALSE,TRUE,-128916.728570123,1,2189.47448730469,235476648,FALSE,FALSE,3,4,1,1,1,1,0,1,"1,0,1",1,0,1,0.999434727797153,0,0.999627836798992,4.77375917549025e-09,3.90655690234027e-09,0,4.60888294046072e-10,2,0,1,0,0,3,0,1,0,0,3,3,0,0.959793439559317,0.976595557600953,0.943934871277226,0.959793439559317,0.976595557600953,0.943934871277226,"2","2","2",0.325156948301792,0.325156948301792,0.630393951940216,299,200,FALSE,0.999434727797153,0,0.999627836798992,0,4.77375917549025e-09,0.339410423305413,0.11519943544836,0.339410423305413,8,6,0.0836345977526384,0.0324863555156086,0.0517163270012395,4,3,0.144395392885007,0.590530019867533,0.111135497149426,0.987555555555556,FALSE
"g12ic_04__G12IC__gram_unit_energy__06","g12ic_04","gram_unit_energy","function",6,82922406,"g12ic_04__seed_6","max_budget_reached",200,FALSE,TRUE,-128076.654150712,1,2351.89062476158,235283088,FALSE,FALSE,3,4,1,1,1,1,1,1,"1,1,1",1,1,1,1.52774626973473e-10,0.999029012324395,1.21201853308223e-08,0.00658851129995206,0.999629842978211,7.82146564737109e-08,0.999106877711233,1,2,0,0,0,1,2,1,1,0,3,1,2,0.963109054716324,0.983438879910994,0.957768640959579,0.964607242368318,0.990168330572599,0.992673107158464,"2","2","2",0.321762964342275,0.321762964342275,0.630121849237969,299,200,FALSE,1.52774626973473e-10,0.999029012324395,1.21201853308223e-08,1.52774626973473e-10,0.999629842978211,0.362289819827414,0.13125391355058,0.362289819827414,8,6,0.0905203712914662,0.0324863555156086,0.0629526690626221,4,3,0.115686326250168,0.698923778262013,0.216905916597817,0.987096296296296,FALSE
"g12ic_04__G12IC__gram_unit_energy__07","g12ic_04","gram_unit_energy","function",7,82922407,"g12ic_04__seed_7","max_budget_reached",200,FALSE,TRUE,-129479.948188076,1,2330.43333554268,235296160,FALSE,FALSE,3,4,1,1,1,1,1,1,"1,1,1",1,1,1,8.01653769914658e-11,7.89109759907316e-08,1.12219381121851e-08,0.00660676146634793,0.999627272358579,0.998922310365424,0.999107637456724,0,2,1,0,1,0,3,1,1,0,3,0,3,0.953788092931539,0.979148037606678,0.940698399881782,0,0,0,"2","2","2",0.324569254100541,0.324569254100541,0.629606547451333,299,200,FALSE,8.01653769914658e-11,7.89109759907316e-08,1.12219381121851e-08,8.01653769914658e-11,0.999627272358579,0.341954926592347,0.116933171820777,0.341954926592347,8,6,0.10747318587045,0.0324863555156086,0.076196009973945,4,3,0.169115617174231,0.703789844650496,0.228202317264377,0.983266666666667,FALSE
"g12ic_04__G12IC__gram_unit_energy__08","g12ic_04","gram_unit_energy","function",8,82922408,"g12ic_04__seed_8","max_budget_reached",200,FALSE,TRUE,-129233.255801086,1,2341.40517091751,235360496,FALSE,FALSE,3,4,1,1,1,1,1,1,"1,1,1",1,1,1,0.999450637610487,0.999028328639659,0.00106687293428965,2.54273037870575e-10,3.47415087218655e-10,9.90762763251682e-09,0.95972846462525,2,0,1,0,1,3,0,1,0,1,3,3,0,0.945055168269502,0.971460632791577,0.951115867688491,0.945055168269502,0.971460632791577,0.951115867688491,"2","2","2",0.40739012114586,0.40739012114586,0.629916877444342,299,200,FALSE,0.999450637610487,0.999028328639659,0.00106687293428965,0.00106687293428965,0.95972846462525,0.499704477159282,0.249704564493032,0.499704477159282,8,6,0.0904695138346748,0.0324863555156086,0.05496205680006,4,3,0.152840773924069,0.658898662726241,0.154761174294079,0.997711111111111,FALSE
"g12ic_04__G12IC__gram_unit_energy__09","g12ic_04","gram_unit_energy","function",9,82922409,"g12ic_04__seed_9","max_budget_reached",200,FALSE,TRUE,-137169.560932636,1,2322.98561620712,235283624,FALSE,FALSE,3,4,1,1,1,1,1,1,"1,1,1",1,1,1,0.999456311954696,7.90899255873314e-07,1.07574468738671e-09,1.43588997823364e-08,2.39485954244594e-08,0.992567663531193,0.989789865125171,1,0,2,0,2,2,0,2,0,2,2,2,0,0.648495803319537,0.856983683101893,0.925144560494038,0.648495803319537,0.856983683101893,0.925144560494038,"2","2","2",0.496338268259162,0.496338268259162,0.629297007830543,299,200,FALSE,0.999456311954696,7.90899255873314e-07,1.07574468738671e-09,1.07574468738671e-09,0.992567663531193,0.528704010370512,0.279527930581862,0.528704010370512,8,4,0.458370081029332,0.0324863555156086,0.424599893333287,4,2,0.363441925881898,0.818587037950137,0.164403851546983,0.999066666666667,FALSE
"g12ic_04__G12IC__gram_unit_energy__10","g12ic_04","gram_unit_energy","function",10,82922410,"g12ic_04__seed_10","max_budget_reached",200,FALSE,TRUE,-121210.084161383,1,2322.40467858315,235452456,FALSE,FALSE,3,4,1,1,1,1,1,1,"1,1,1",1,1,1,0.999435639300178,0.999011249370449,0.999629532401073,6.32230672874398e-10,2.93051184455671e-09,1.44342155087562e-08,5.38881780346745e-10,3,0,0,0,0,4,0,0,0,0,4,4,0,0.96075355181003,0.980918156216856,0.95699344575935,0.96075355181003,0.980918156216856,0.95699344575935,"2","2","2",0.155671272247082,0.155671272247082,0.631379773161246,299,200,FALSE,0.999435639300178,0.999011249370449,0.999629532401073,0.999011249370449,1.44342155087562e-08,0.192108522506639,0.0369056844196839,0.192108522506639,8,8,0.071829768858798,0.0324863555156086,0.0406542356720187,4,4,0.11754469474875,0.418097098391373,0.137735890100972,0.990237037037037,TRUE
"g12ic_04__G12IC__gram_unit_energy__11","g12ic_04","gram_unit_energy","function",11,82922411,"g12ic_04__seed_11","max_budget_reached",200,FALSE,TRUE,-121233.406757469,1,2344.43676614761,235392560,FALSE,FALSE,3,4,1,1,1,1,1,1,"1,1,1",1,1,1,0.999434817174309,0.999041023141942,0.999626850944265,4.90280210548e-10,2.26206597212318e-09,2.51576944749181e-08,3.99739315061009e-10,3,0,0,0,0,4,0,0,0,0,4,4,0,0.961038687643678,0.980336753626528,0.956817608900729,0.961038687643678,0.980336753626528,0.956817608900729,"2","2","2",0.155663572189681,0.155663572189681,0.631041268113515,299,200,FALSE,0.999434817174309,0.999041023141942,0.999626850944265,0.999041023141942,2.51576944749181e-08,0.192094535843035,0.0369003107007512,0.192094535843035,8,8,0.071678155248675,0.0324863555156086,0.0404994448150467,4,4,0.117601313670623,0.419884247967419,0.138902363042634,0.990222222222222,TRUE
"g12ic_04__G12IC__gram_unit_energy__12","g12ic_04","gram_unit_energy","function",12,82922412,"g12ic_04__seed_12","max_budget_reached",200,FALSE,TRUE,-128888.544655204,1,2333.58586740494,235355168,FALSE,FALSE,3,4,1,1,1,1,1,1,"1,1,1",1,1,1,0.999431208043668,0.000515612706327254,0.999625793567436,1.94614861068059e-08,4.12969261932821e-09,0.982158218301322,1.56937525226721e-10,2,0,1,0,1,3,0,1,0,1,3,3,0,0.952241667068611,0.961773895134098,0.942362891617205,0.952241667068611,0.961773895134098,0.942362891617205,"2","2","2",0.321650753195597,0.321650753195597,0.629381172152786,299,200,FALSE,0.999431208043668,0.000515612706327254,0.999625793567436,0.000515612706327254,0.982158218301322,0.368778275335722,0.13599741635959,0.368778275335722,8,6,0.091214108178758,0.0324863555156086,0.0599897931496484,4,3,0.162843691092636,0.616520234878979,0.139178353766253,0.9874,FALSE
"g12ic_05__G12IC__current_1_over_m__01","g12ic_05","current_1_over_m","none",1,82922501,"g12ic_05__seed_1","max_budget_reached",200,FALSE,TRUE,-142803.392824031,1,2055.48883128166,230486528,FALSE,FALSE,3,4,1,1,1,1,0,0,"1,0,0",1,0,0,1.32555281378392e-05,0,0,0.998712479574486,9.99111148275356e-05,0,0,0,1,2,0,0,0,1,3,1,0,1,0,1,0.585132279573063,0.950183244465226,0.672435853739121,0,0,0,"2","2","2",0.583955668897031,0.583955668897031,0.660294010393302,299,200,FALSE,1.32555281378392e-05,0,0,0,0.998712479574486,0.884669682053018,0.782640446343788,0.884669682053018,8,2,0.582940449219204,0.0741017899239708,0.551939524035166,4,1,1.45174615024349,1.57310901406791,0.365935464930835,0.995022222222222,FALSE
"g12ic_05__G12IC__current_1_over_m__02","g12ic_05","current_1_over_m","none",2,82922502,"g12ic_05__seed_2","max_budget_reached",200,FALSE,TRUE,-122247.662131314,1,2342.52181506157,227400096,FALSE,FALSE,3,4,1,1,1,1,1,1,"1,1,1",1,1,1,0.999592305610844,0.999026706887827,0.999414309131589,3.44422371419382e-10,4.61668854912414e-09,3.76140812528097e-09,2.49792317047551e-09,3,0,0,0,0,4,0,0,0,0,4,4,0,0.894851821805252,0.965033962140264,0.927271575413243,0.894851821805252,0.965033962140264,0.927271575413243,"2","2","2",0.195067961082847,0.195067961082847,0.679323998791618,299,200,FALSE,0.999592305610844,0.999026706887827,0.999414309131589,0.999026706887827,4.61668854912414e-09,0.350696720931947,0.12298819007242,0.350696720931947,8,8,0.192712597793247,0.0741017899239708,0.128961358028607,4,4,0.303071069187804,0.658652307315773,0.127608814138008,0.984340740740741,TRUE
"g12ic_05__G12IC__current_1_over_m__03","g12ic_05","current_1_over_m","none",3,82922503,"g12ic_05__seed_3","max_budget_reached",200,FALSE,TRUE,-122244.501405458,1,2342.08788871765,230658456,FALSE,FALSE,3,4,1,1,1,1,1,1,"1,1,1",1,1,1,0.999589046318862,0.999030620577461,0.999419549725581,2.92307617836686e-10,6.64187918040671e-09,3.8781580754039e-09,6.41408380052088e-10,3,0,0,0,0,4,0,0,0,0,4,4,0,0.875292908693949,0.965632913546135,0.925153953624365,0.875292908693949,0.965632913546135,0.925153953624365,"2","2","2",0.19520573011281,0.19520573011281,0.677985849214609,299,200,FALSE,0.999589046318862,0.999030620577461,0.999419549725581,0.999030620577461,6.64187918040671e-09,0.358363904432432,0.128424688000057,0.358363904432432,8,8,0.21589405771677,0.0741017899239708,0.154088505699401,4,4,0.303000921310807,0.656809565177423,0.128582209268914,0.984014814814815,TRUE
"g12ic_05__G12IC__current_1_over_m__04","g12ic_05","current_1_over_m","none",4,82922504,"g12ic_05__seed_4","strict_practical_converged",84,TRUE,TRUE,-148705.286959223,0,1167.07381105423,228973056,FALSE,FALSE,3,4,1,1,1,0,0,0,"0,0,0",0,0,0,0,0,0,0,0,0,0,0,0,3,0,0,0,0,4,0,0,0,0,0,0,0,0,0,0,0,"2","2","2",0.658439337104394,0.658439337104394,0.658439337104394,183,84,FALSE,0,0,0,0,0,0.697570650498129,0.486604812436383,0.697570650498129,8,0,,0.0741017899239708,,4,0,,1,,,FALSE
"g12ic_05__G12IC__current_1_over_m__05","g12ic_05","current_1_over_m","none",5,82922505,"g12ic_05__seed_5","max_budget_reached",200,FALSE,TRUE,-122300.434474705,1,2344.07659196854,230602656,FALSE,FALSE,3,4,1,1,1,1,1,1,"1,1,1",1,1,1,0.999591608570943,0.999009868571706,0.999404737335386,3.0717180585469e-10,2.22814207304079e-09,2.98886469985262e-09,4.3622261747777e-09,3,0,0,0,0,4,0,0,0,0,4,4,0,0.89163739138009,0.961647781537788,0.923729357860469,0.89163739138009,0.961647781537788,0.923729357860469,"2","2","2",0.195785004770912,0.195785004770912,0.67663393026286,299,200,FALSE,0.999591608570943,0.999009868571706,0.999404737335386,0.999009868571706,4.3622261747777e-09,0.352866618258236,0.124514850281004,0.352866618258236,8,8,0.198650146919895,0.0741017899239708,0.134110329209941,4,4,0.304583914900374,0.662328935674263,0.130160013514727,0.984503703703704,TRUE
"g12ic_05__G12IC__current_1_over_m__06","g12ic_05","current_1_over_m","none",6,82922506,"g12ic_05__seed_6","max_budget_reached",200,FALSE,TRUE,-141112.304801956,1,2050.03754353523,230493432,FALSE,FALSE,3,4,1,1,1,1,0,0,"1,0,0",1,0,0,8.65166123881043e-06,0,0,0.999021714186889,8.61146546745352e-05,0,0,0,1,2,0,0,0,1,3,1,0,1,0,1,0.922699964319891,0.986948551656809,0.943670353486081,0,0,0,"2","2","2",0.577636720201362,0.577636720201362,0.661879780571186,299,200,FALSE,8.65166123881043e-06,0,0,0,0.999021714186889,0.632849912771209,0.400499012094527,0.632849912771209,8,2,0.164684538325238,0.0741017899239708,0.125297884590272,4,1,0.244177104726234,0.949658654107113,0.20558588556672,0.995111111111111,FALSE
"g12ic_05__G12IC__current_1_over_m__07","g12ic_05","current_1_over_m","none",7,82922507,"g12ic_05__seed_7","max_budget_reached",200,FALSE,TRUE,-140475.861774708,1,2222.99651432037,230691984,FALSE,FALSE,3,4,1,1,1,1,1,0,"1,1,0",1,1,0,1.53414470321566e-07,0.785590760320875,0,0.99866724628636,8.66579893630857e-05,0.212791551769744,0,0,1,2,0,1,0,1,3,1,1,0,0,0,0.411808370249461,0.477000666751797,0.54732595400615,0,0,0,"2","2","2",0.540925931333881,0.540925931333881,0.664861127438708,299,200,FALSE,1.53414470321566e-07,0.785590760320875,0,0,0.99866724628636,0.932692702832904,0.869915677917748,0.932692702832904,8,2,0.883350074784072,0.0741017899239708,0.860855998175557,4,1,0.61281380691877,2.83005259705699,0.175704349366499,0.991288888888889,FALSE
"g12ic_05__G12IC__current_1_over_m__08","g12ic_05","current_1_over_m","none",8,82922508,"g12ic_05__seed_8","max_budget_reached",200,FALSE,TRUE,-132671.18470735,1,2074.1199901104,230506496,FALSE,FALSE,3,4,1,1,1,0,1,1,"0,1,1",0,1,1,0,0.999015223147179,0.999360757836031,0,0,5.8796891242289e-06,3.72983635346211e-05,2,0,1,0,0,2,0,2,0,0,2,2,0,0.926523952648354,0.982874715894461,0.947826285971214,0.926523952648354,0.982874715894461,0.947826285971214,"2","2","2",0.464552285402758,0.464552285402758,0.667977312643291,299,200,FALSE,0,0.999015223147179,0.999360757836031,0,3.72983635346211e-05,0.523566773205308,0.274122166004618,0.523566773205308,8,4,0.144296408983537,0.0741017899239708,0.108765563766682,4,2,0.166183315606008,0.814954459191572,0.145469806881444,0.975266666666667,FALSE
"g12ic_05__G12IC__current_1_over_m__09","g12ic_05","current_1_over_m","none",9,82922509,"g12ic_05__seed_9","max_budget_reached",200,FALSE,TRUE,-130398.972574292,1,2221.00046491623,230608976,FALSE,FALSE,3,4,1,1,1,1,1,0,"1,1,0",1,1,0,0.999591428217634,0.999019049882362,0,5.04356335475188e-11,3.93893285250511e-09,2.57496223732725e-09,0,2,0,1,0,0,3,0,1,0,0,3,3,0,0.876888965846255,0.959583309528824,0.909082832335182,0.876888965846255,0.959583309528824,0.909082832335182,"2","2","2",0.394555974797877,0.394555974797877,0.671689256796687,299,200,FALSE,0.999591428217634,0.999019049882362,0,0,3.93893285250511e-09,0.504579831795143,0.254600806654415,0.504579831795143,8,6,0.240187085500523,0.0741017899239708,0.166893774672306,4,3,0.392859129038948,0.788314183065786,0.124512015969635,0.998088888888889,FALSE
"g12ic_05__G12IC__current_1_over_m__10","g12ic_05","current_1_over_m","none",10,82922510,"g12ic_05__seed_10","max_budget_reached",200,FALSE,TRUE,-140511.368403222,1,2004.24393892288,209288552,FALSE,FALSE,3,4,1,1,1,0,0,1,"0,0,1",0,0,1,0,0,0.999380138619196,0,0,0,2.78884689277584e-05,1,0,2,0,0,1,0,3,0,0,1,1,0,0.86293726384019,0.983266318289611,0.97491818664865,0.86293726384019,0.983266318289611,0.97491818664865,"2","2","2",0.562025155937205,0.562025155937205,0.665699473733364,299,200,FALSE,0,0,0.999380138619196,0,2.78884689277584e-05,0.601216474376061,0.36146124906118,0.601216474376061,8,2,0.148329889256132,0.0741017899239708,0.121301249071382,4,1,0.04253656919143,0.892447228604644,0.148209954203943,0.954177777777778,FALSE
"g12ic_05__G12IC__current_1_over_m__11","g12ic_05","current_1_over_m","none",11,82922511,"g12ic_05__seed_11","max_budget_reached",200,FALSE,TRUE,-129254.864606978,1,2330.92428898811,230688584,FALSE,FALSE,3,4,1,1,1,1,1,1,"1,1,1",1,1,1,2.47552183187063e-12,0.998773791353996,1.3101487567403e-07,3.75109497278089e-05,0.99942391023375,1.12831810249723e-05,0.999140377665961,1,2,0,0,0,1,2,1,1,0,3,1,2,0.694852241910781,0.962797795346537,0.751652984481997,0.576835323521636,0.95021458646449,0.377029330217438,"2","2","2",0.358679638578233,0.358679638578233,0.672699876420523,299,200,FALSE,2.47552183187063e-12,0.998773791353996,1.3101487567403e-07,2.47552183187063e-12,0.99942391023375,0.628888368961681,0.395500580615283,0.628888368961681,8,6,0.582409786254438,0.0741017899239708,0.546094620815939,4,3,0.563833674016241,1.082411006082,0.237301180931127,0.9832,FALSE
"g12ic_05__G12IC__current_1_over_m__12","g12ic_05","current_1_over_m","none",12,82922512,"g12ic_05__seed_12","max_budget_reached",200,FALSE,TRUE,-132883.37614976,1,2194.03831839561,230461584,FALSE,FALSE,3,4,1,1,1,1,0,1,"1,0,1",1,0,1,5.35173069424625e-06,0,0.999370999140205,0.99900150440086,8.70101716558699e-05,0,3.49619705085412e-05,1,1,1,0,0,1,1,2,1,0,2,1,1,0.927637071397187,0.984669209712347,0.952022897193464,0.936498563027374,0.986553262575538,0.980872878714282,"2","2","2",0.46461351363853,0.46461351363853,0.668479919395042,299,200,FALSE,5.35173069424625e-06,0,0.999370999140205,0,0.99900150440086,0.523348206141488,0.273893344871513,0.523348206141488,8,4,0.136172875644958,0.0741017899239708,0.100394283516169,4,2,0.160934760653276,0.854725480827467,0.154817441904464,0.9748,FALSE
"g12ic_05__G12IC__gram_unit_energy__01","g12ic_05","gram_unit_energy","function",1,82922501,"g12ic_05__seed_1","max_budget_reached",200,FALSE,TRUE,-130390.747864093,1,2212.18861746788,230676424,FALSE,FALSE,3,4,1,1,1,1,1,0,"1,1,0",1,1,0,0.999592896832194,0.999031935426906,0,3.47591085600252e-11,3.93914020272815e-09,5.30276602858382e-09,0,2,0,1,0,0,3,0,1,0,0,3,3,0,0.883279222502769,0.957876124504306,0.900969917214183,0.883279222502769,0.957876124504306,0.900969917214183,"2","2","2",0.394590889652826,0.394590889652826,0.671803312021088,299,200,FALSE,0.999592896832194,0.999031935426906,0,0,5.30276602858382e-09,0.502338471304215,0.252343939752256,0.502338471304215,8,6,0.243463231957505,0.0741017899239708,0.169592283882505,4,3,0.395240026296108,0.799231666229184,0.135178509021557,0.998044444444445,FALSE
"g12ic_05__G12IC__gram_unit_energy__02","g12ic_05","gram_unit_energy","function",2,82922502,"g12ic_05__seed_2","max_budget_reached",200,FALSE,TRUE,-122262.528464036,1,2352.16807985306,230645376,FALSE,FALSE,3,4,1,1,1,1,1,1,"1,1,1",1,1,1,0.999595058475454,0.999028841366576,0.999412881231476,1.87564710236307e-10,5.60488306006239e-09,3.61167625667234e-09,4.81201994489632e-09,3,0,0,0,0,4,0,0,0,0,4,4,0,0.900134105161822,0.964864521164767,0.929990565537213,0.900134105161822,0.964864521164767,0.929990565537213,"2","2","2",0.195740301335886,0.195740301335886,0.678373833371199,299,200,FALSE,0.999595058475454,0.999028841366576,0.999412881231476,0.999028841366576,5.60488306006239e-09,0.339570288285907,0.115307980686574,0.339570288285907,8,8,0.180694726259202,0.0741017899239708,0.115752199313652,4,4,0.293599015597023,0.644612904835711,0.122328515050323,0.984296296296296,TRUE
"g12ic_05__G12IC__gram_unit_energy__03","g12ic_05","gram_unit_energy","function",3,82922503,"g12ic_05__seed_3","max_budget_reached",200,FALSE,TRUE,-133051.788810849,1,2328.17506146431,230614344,FALSE,FALSE,3,4,1,1,1,1,1,1,"1,1,1",1,1,1,3.34476100855902e-06,0.997274715313466,0.999382818487395,0.998383635164889,8.71358509162817e-05,5.26286043497178e-06,3.03526385780731e-05,1,1,1,0,1,1,1,2,1,1,1,1,0,0.669672917880876,0.886000467148525,0.744523033690645,0.867064858379973,0.984434661819051,0.975241102159369,"2","2","2",0.463504023572599,0.463504023572599,0.669338673311553,299,200,FALSE,3.34476100855902e-06,0.997274715313466,0.999382818487395,3.34476100855902e-06,0.998383635164889,0.579651016954524,0.335995301456414,0.579651016954524,8,4,0.53835307340136,0.0741017899239708,0.514884566735673,4,2,0.197430491463693,0.952427573178381,0.263622308565534,0.971933333333333,FALSE
"g12ic_05__G12IC__gram_unit_energy__04","g12ic_05","gram_unit_energy","function",4,82922504,"g12ic_05__seed_4","max_budget_reached",200,FALSE,TRUE,-129896.397480729,1,2197.59730362892,230613816,FALSE,FALSE,3,4,1,1,1,1,0,1,"1,0,1",1,0,1,0.999591314143106,0,0.999413002062454,1.2376126619367e-08,5.30026371450387e-09,0,1.9257316111142e-09,2,0,1,0,0,3,0,1,0,0,3,3,0,0.884654165555222,0.958725079303321,0.92093913333108,0.884654165555222,0.958725079303321,0.92093913333108,"2","2","2",0.371375783614444,0.371375783614444,0.674595020147566,299,200,FALSE,0.999591314143106,0,0.999413002062454,0,1.2376126619367e-08,0.458328578170654,0.210065085567933,0.458328578170654,8,6,0.206305959778603,0.0741017899239708,0.134941905883635,4,3,0.324784611796521,0.758661467764173,0.116071495965688,0.978422222222222,FALSE
"g12ic_05__G12IC__gram_unit_energy__05","g12ic_05","gram_unit_energy","function",5,82922505,"g12ic_05__seed_5","max_budget_reached",200,FALSE,TRUE,-122430.334332609,1,2327.15215229988,230679056,FALSE,FALSE,3,4,1,1,1,1,1,1,"1,1,1",1,1,1,0.999597409368496,0.9990039015811,0.999405980928354,2.75114579440332e-10,2.77644448478929e-09,3.10958096919955e-09,1.22774498429187e-08,3,0,0,0,0,4,0,0,0,0,4,4,0,0.888347887538839,0.960364804951431,0.921312289415185,0.888347887538839,0.960364804951431,0.921312289415185,"2","2","2",0.197171131560214,0.197171131560214,0.676134554165179,299,200,FALSE,0.999597409368496,0.9990039015811,0.999405980928354,0.9990039015811,1.22774498429187e-08,0.346521233277676,0.120076965112281,0.346521233277676,8,8,0.198688089035452,0.0741017899239708,0.13259478163817,4,4,0.299333298542778,0.667489025863785,0.137799166164051,0.984414814814815,TRUE
"g12ic_05__G12IC__gram_unit_energy__06","g12ic_05","gram_unit_energy","function",6,82922506,"g12ic_05__seed_6","max_budget_reached",200,FALSE,TRUE,-122170.139922545,1,2350.36332535744,230695368,FALSE,FALSE,3,4,1,1,1,1,1,1,"1,1,1",1,1,1,0.99958843405778,0.999019206018688,0.999415888987575,5.69542398461067e-10,4.99041757999247e-09,3.47963982391249e-09,1.26733040612612e-09,3,0,0,0,0,4,0,0,0,0,4,4,0,0.886156922782678,0.964597509593697,0.922584511867448,0.886156922782678,0.964597509593697,0.922584511867448,"2","2","2",0.194967418351347,0.194967418351347,0.677458672247098,299,200,FALSE,0.99958843405778,0.999019206018688,0.999415888987575,0.999019206018688,4.99041757999247e-09,0.358367045990104,0.128426939651673,0.358367045990104,8,8,0.210505383319093,0.0741017899239708,0.147688891189822,4,4,0.312205698255214,0.668703704970748,0.13491577970964,0.984296296296296,TRUE
"g12ic_05__G12IC__gram_unit_energy__07","g12ic_05","gram_unit_energy","function",7,82922507,"g12ic_05__seed_7","max_budget_reached",200,FALSE,TRUE,-127789.84085145,1,2315.77413320541,230676944,FALSE,FALSE,3,4,1,1,1,1,1,1,"1,1,1",1,1,1,8.60430793863509e-09,5.70900127636138e-09,0.999381423244152,0.999007147104065,8.70167187812868e-05,0.999198088268074,2.99608993411622e-05,1,2,0,0,0,1,2,1,1,0,3,1,2,0.891986466544684,0.972607462907021,0.906093538355515,0.918111629385778,0.985858445219946,0.981524209666625,"2","2","2",0.360589073361881,0.360589073361881,0.673398497423194,299,200,FALSE,8.60430793863509e-09,5.70900127636138e-09,0.999381423244152,5.70900127636138e-09,0.999198088268074,0.492905135948211,0.242955473044124,0.492905135948211,8,6,0.226200345712435,0.0741017899239708,0.174637141160743,4,3,0.325370521771383,1.03121534401873,0.244332303886919,0.981866666666667,FALSE
"g12ic_05__G12IC__gram_unit_energy__08","g12ic_05","gram_unit_energy","function",8,82922508,"g12ic_05__seed_8","max_budget_reached",200,FALSE,TRUE,-122196.448000377,1,2318.66342425346,230844144,FALSE,FALSE,3,4,1,1,1,1,1,1,"1,1,1",1,1,1,0.999590617299645,0.999019865613958,0.999414719160552,3.86210968626705e-10,3.42773985883077e-09,3.42374774186687e-09,1.67924202982046e-09,3,0,0,0,0,4,0,0,0,0,4,4,0,0.892087018901855,0.963983692566326,0.919651424499987,0.892087018901855,0.963983692566326,0.919651424499987,"2","2","2",0.194974680370765,0.194974680370765,0.67828663422854,299,200,FALSE,0.999590617299645,0.999019865613958,0.999414719160552,0.999019865613958,3.42773985883077e-09,0.356342029957138,0.126979642313974,0.356342029957138,8,8,0.212078253177667,0.0741017899239708,0.149176554702807,4,4,0.316183996996784,0.675739771524785,0.135023140193276,0.9844,TRUE
"g12ic_05__G12IC__gram_unit_energy__09","g12ic_05","gram_unit_energy","function",9,82922509,"g12ic_05__seed_9","max_budget_reached",200,FALSE,TRUE,-123803.818380361,1,2322.13353300095,230781912,FALSE,FALSE,3,4,1,1,1,1,1,1,"1,1,1",1,1,1,0.999590569613908,0.998780864797693,0.999418386316013,7.00959354745778e-10,6.18732134931844e-09,1.98919987739079e-09,9.68426155593149e-10,3,0,0,0,0,4,0,0,0,0,4,4,0,0.80158931391489,0.958089336248741,0.830073439539531,0.80158931391489,0.958089336248741,0.830073439539531,"2","2","2",0.211011399222007,0.211011399222007,0.678569265379028,299,200,FALSE,0.999590569613908,0.998780864797693,0.999418386316013,0.998780864797693,6.18732134931844e-09,0.951062023984361,0.904518973465229,0.951062023984361,8,8,0.331561764170748,0.0741017899239708,0.272210041947889,4,4,0.659207840132751,3.21555501689593,0.661503403057874,0.98402962962963,TRUE
"g12ic_05__G12IC__gram_unit_energy__10","g12ic_05","gram_unit_energy","function",10,82922510,"g12ic_05__seed_10","max_budget_reached",200,FALSE,TRUE,-129942.498080686,1,2212.7403242588,229765072,FALSE,FALSE,3,4,1,1,1,1,0,1,"1,0,1",1,0,1,0.999584822005775,0,0.999419919591962,2.19352620028902e-08,1.36511373743149e-08,0,4.76201132243037e-10,2,0,1,0,0,3,0,1,0,0,3,3,0,0.857349427955651,0.958771589130736,0.925542471199113,0.857349427955651,0.958771589130736,0.925542471199113,"2","2","2",0.371511327149735,0.371511327149735,0.673275413844057,299,200,FALSE,0.999584822005775,0,0.999419919591962,0,2.19352620028902e-08,0.461421078761262,0.212909411925207,0.461421078761262,8,6,0.222295255549901,0.0741017899239708,0.152310005854616,4,3,0.31356083125658,0.748578187443917,0.120685711846071,0.977844444444445,FALSE
"g12ic_05__G12IC__gram_unit_energy__11","g12ic_05","gram_unit_energy","function",11,82922511,"g12ic_05__seed_11","max_budget_reached",200,FALSE,TRUE,-129553.586037958,1,2334.71750068665,230611672,FALSE,FALSE,3,4,1,1,1,1,1,1,"1,1,1",1,1,1,5.81015280093751e-10,0.998752652587124,6.3077149102302e-08,3.80951014622305e-05,0.999422714834302,1.33885290791215e-05,0.9991401580242,1,2,0,0,0,1,2,1,1,0,3,1,2,0.684412489779265,0.961181880829068,0.840710518140362,0.588298622243296,0.950269728085455,0.666570989666712,"2","2","2",0.359905862003167,0.359905862003167,0.671526009318183,299,200,FALSE,5.81015280093751e-10,0.998752652587124,6.3077149102302e-08,5.81015280093751e-10,0.999422714834302,0.771545011583958,0.595281704900091,0.771545011583958,8,6,0.49366987253598,0.0741017899239708,0.455949958552076,4,3,0.755917141583552,1.60892101187078,0.389497870168669,0.983451851851852,FALSE
"g12ic_05__G12IC__gram_unit_energy__12","g12ic_05","gram_unit_energy","function",12,82922512,"g12ic_05__seed_12","max_budget_reached",200,FALSE,TRUE,-129945.86334122,1,2195.51109576225,230642128,FALSE,FALSE,3,4,1,1,1,1,0,1,"1,0,1",1,0,1,0.999589311057876,0,0.999417817810166,1.46056693425218e-08,6.85633139685189e-09,0,8.9995755848922e-10,2,0,1,0,0,3,0,1,0,0,3,3,0,0.874306879240492,0.959070046297458,0.924751392501122,0.874306879240492,0.959070046297458,0.924751392501122,"2","2","2",0.371381926933079,0.371381926933079,0.674895537042826,299,200,FALSE,0.999589311057876,0,0.999417817810166,0,1.46056693425218e-08,0.459310571576664,0.210966201162082,0.459310571576664,8,6,0.211163626978266,0.0741017899239708,0.140390988272174,4,3,0.319383573929844,0.753197706718243,0.11784930501535,0.978222222222222,FALSE
"g12ic_06__G12IC__current_1_over_m__01","g12ic_06","current_1_over_m","none",1,82922601,"g12ic_06__seed_1","max_budget_reached",200,FALSE,TRUE,-138119.578154623,1,2058.16394996643,235937784,FALSE,FALSE,3,4,1,1,1,0,1,1,"0,1,1",0,1,1,0,0.985059923998347,0.999636379751349,0,0,0.0116887742536882,1.08196144295872e-05,2,0,1,0,0,2,0,2,0,0,2,2,0,0.843632257986314,0.978771279758613,0.87630386209576,0.843632257986314,0.978771279758613,0.87630386209576,"2","2","2",0.485963389187682,0.485963389187682,0.688604596501961,299,200,FALSE,0,0.985059923998347,0.999636379751349,0,0.0116887742536882,0.50449882494911,0.254519064375033,0.50449882494911,8,4,0.178231978399496,0.0602065887344701,0.136351625092428,4,2,0.10765031805053,0.862735681553833,0.208923518196257,0.982177777777778,FALSE
"g12ic_06__G12IC__current_1_over_m__02","g12ic_06","current_1_over_m","none",2,82922602,"g12ic_06__seed_2","max_budget_reached",200,FALSE,TRUE,-145239.198265824,1,2083.32078456879,235663704,FALSE,FALSE,3,4,1,1,1,1,0,0,"1,0,0",1,0,0,1.04885619224175e-05,0,0,0.00511419539565767,0.999650681975355,0,0,0,1,2,0,0,0,1,3,1,0,1,0,1,0.877768017405937,0.994076955702174,0.686982860116815,0,0,0,"2","2","2",0.558768397576194,0.558768397576194,0.689023535675001,299,200,FALSE,1.04885619224175e-05,0,0,0,0.999650681975355,0.692147713149386,0.479068456817925,0.692147713149386,8,2,0.130475386152982,0.0602065887344701,0.0892851460745873,4,1,0.21214619216129,1.04630674911848,0.158018820648331,0.995511111111111,FALSE
"g12ic_06__G12IC__current_1_over_m__03","g12ic_06","current_1_over_m","none",3,82922603,"g12ic_06__seed_3","max_budget_reached",200,FALSE,TRUE,-140198.590382377,1,2210.60782051086,234749792,FALSE,FALSE,3,4,1,1,1,1,1,0,"1,1,0",1,1,0,2.8658463164998e-09,1.16523101496777e-09,0,0.998985394698468,0.00458521951321512,0.999512811556507,0,0,2,1,0,0,0,2,2,1,0,2,0,2,0.92150315192659,0.969265845440471,0.957928451204666,0,0,0,"2","2","2",0.514613840661303,0.514613840661303,0.6880210962426,299,200,FALSE,2.8658463164998e-09,1.16523101496777e-09,0,0,0.999512811556507,0.562502506541515,0.316409069865487,0.562502506541515,8,4,0.133027813549845,0.0602065887344701,0.0725612130224354,4,2,0.219752718036036,0.846040102457194,0.245330367958849,0.987177777777778,FALSE
"g12ic_06__G12IC__current_1_over_m__04","g12ic_06","current_1_over_m","none",4,82922604,"g12ic_06__seed_4","max_budget_reached",200,FALSE,TRUE,-135688.681745403,1,2217.35317087173,235896128,FALSE,FALSE,3,4,1,1,1,1,1,0,"1,1,0",1,1,0,0.999741465131385,0.999101374140885,0,4.07283565889072e-10,3.07439511891595e-09,6.3770421452782e-09,0,2,0,1,0,0,3,0,1,0,0,3,3,0,0.827148652121044,0.95282240330224,0.785874993715555,0.827148652121044,0.95282240330224,0.785874993715555,"2","2","2",0.439559938833771,0.439559938833771,0.689231134520507,299,200,FALSE,0.999741465131385,0.999101374140885,0,0,6.3770421452782e-09,0.844149774272709,0.712588841404665,0.844149774272709,8,6,0.26898676373743,0.0602065887344701,0.211697958957434,4,3,0.398569622543525,2.24388222373301,0.529540546521348,0.9882,FALSE
"g12ic_06__G12IC__current_1_over_m__05","g12ic_06","current_1_over_m","none",5,82922605,"g12ic_06__seed_5","max_budget_reached",200,FALSE,TRUE,-145258.145697272,1,2064.57950568199,235963064,FALSE,FALSE,3,4,1,1,1,1,0,0,"1,0,0",1,0,0,1.1058294583552e-05,0,0,0.00511487108256894,0.999648737075968,0,0,0,1,2,0,0,0,1,3,1,0,1,0,1,0.876079531484983,0.993995931847271,0.676244704870588,0,0,0,"2","2","2",0.558784598746035,0.558784598746035,0.688930404556875,299,200,FALSE,1.1058294583552e-05,0,0,0,0.999648737075968,0.668149133231895,0.446423264238532,0.668149133231895,8,2,0.132616847656533,0.0602065887344701,0.0913912738871959,4,1,0.140706803353926,1.00857967615587,0.103101762066814,0.995466666666667,FALSE
"g12ic_06__G12IC__current_1_over_m__06","g12ic_06","current_1_over_m","none",6,82922606,"g12ic_06__seed_6","max_budget_reached",200,FALSE,TRUE,-137556.678064037,1,2057.54526042938,236104264,FALSE,FALSE,3,4,1,1,1,0,1,1,"0,1,1",0,1,1,0,0.984372634306838,0.999655933636838,0,0,0.0123359117044129,9.01269435919951e-06,2,0,1,0,0,2,0,2,0,0,2,2,0,0.898698060822372,0.980928030286696,0.835747820432948,0.898698060822372,0.980928030286696,0.835747820432948,"2","2","2",0.484309152579234,0.484309152579234,0.689695541368053,299,200,FALSE,0,0.984372634306838,0.999655933636838,0,0.0123359117044129,0.637946223656063,0.406975384277031,0.637946223656063,8,4,0.107515647246393,0.0602065887344701,0.0612966509580797,4,2,0.14854637182108,1.00696800682279,0.394770250624449,0.982688888888889,FALSE
"g12ic_06__G12IC__current_1_over_m__07","g12ic_06","current_1_over_m","none",7,82922607,"g12ic_06__seed_7","max_budget_reached",200,FALSE,TRUE,-130570.286669271,1,2213.08543944359,236064120,FALSE,FALSE,3,4,1,1,1,1,0,1,"1,0,1",1,0,1,0.999746167079075,0,0.999655078736217,2.60225403575766e-07,5.44314553373436e-11,0,4.03261858347261e-11,2,0,1,0,0,3,0,1,0,0,3,3,0,0.926132265390093,0.976898835386547,0.955202038940222,0.926132265390093,0.976898835386547,0.955202038940222,"2","2","2",0.320054068117017,0.320054068117017,0.69102476292465,299,200,FALSE,0.999746167079075,0,0.999655078736217,0,2.60225403575766e-07,0.370132793865465,0.136998285094655,0.370132793865465,8,6,0.0885622833325269,0.0602065887344701,0.0287235030261061,4,3,0.224208403420321,0.793935208482833,0.164552407123626,0.998577777777778,FALSE
"g12ic_06__G12IC__current_1_over_m__08","g12ic_06","current_1_over_m","none",8,82922608,"g12ic_06__seed_8","max_budget_reached",200,FALSE,TRUE,-123213.302244941,1,2358.07047629356,236098832,FALSE,FALSE,3,4,1,1,1,1,1,1,"1,1,1",1,1,1,0.999748072452747,0.998987822570686,0.999655290670297,2.180487333286e-11,2.29326362108334e-10,3.06185905216307e-09,5.87504907585539e-12,3,0,0,0,0,4,0,0,0,0,4,4,0,0.921288759303737,0.973961376807575,0.954995281966512,0.921288759303737,0.973961376807575,0.954995281966512,"2","2","2",0.16858292133876,0.16858292133876,0.69119695434026,299,200,FALSE,0.999748072452747,0.998987822570686,0.999655290670297,0.998987822570686,3.06185905216307e-09,0.29357494345668,0.0861862474255931,0.29357494345668,8,8,0.0844079204094296,0.0602065887344701,0.0267850506528969,4,4,0.201363121087613,0.637391109644549,0.155062252048196,0.990622222222222,TRUE
"g12ic_06__G12IC__current_1_over_m__09","g12ic_06","current_1_over_m","none",9,82922609,"g12ic_06__seed_9","max_budget_reached",200,FALSE,TRUE,-123592.331759598,1,2351.64610767365,236122864,FALSE,FALSE,3,4,1,1,1,1,1,1,"1,1,1",1,1,1,0.999748991799477,0.998978777365246,0.999660846250954,4.0357676730235e-11,7.67169825672578e-10,2.45219863656684e-09,1.32721617513643e-10,3,0,0,0,0,4,0,0,0,0,4,4,0,0.9099532334329,0.974455449039865,0.883785843876499,0.9099532334329,0.974455449039865,0.883785843876499,"2","2","2",0.170189817812647,0.170189817812647,0.69400153558513,299,200,FALSE,0.999748991799477,0.998978777365246,0.999660846250954,0.998978777365246,2.45219863656684e-09,0.378820177015011,0.143504726513684,0.378820177015011,8,8,0.100541849779639,0.0602065887344701,0.0413555249473958,4,4,0.182304558114025,0.658059547272964,0.198440982345882,0.990518518518518,TRUE
"g12ic_06__G12IC__current_1_over_m__10","g12ic_06","current_1_over_m","none",10,82922610,"g12ic_06__seed_10","max_budget_reached",200,FALSE,TRUE,-145214.03575606,1,2064.15081000328,235993016,FALSE,FALSE,3,4,1,1,1,1,0,0,"1,0,0",1,0,0,1.01958785231016e-05,0,0,0.00511318264570238,0.999649103660576,0,0,0,1,2,0,0,0,1,3,1,0,1,0,1,0.875456814780971,0.994581135191256,0.625216253858335,0,0,0,"2","2","2",0.558834309276857,0.558834309276857,0.688737718690247,299,200,FALSE,1.01958785231016e-05,0,0,0,0.999649103660576,0.624818931780532,0.390398697511365,0.624818931780532,8,2,0.147808456729298,0.0602065887344701,0.106396123616421,4,1,0.066347502115144,0.977065332898204,0.024812422289777,0.995644444444444,FALSE
"g12ic_06__G12IC__current_1_over_m__11","g12ic_06","current_1_over_m","none",11,82922611,"g12ic_06__seed_11","max_budget_reached",200,FALSE,TRUE,-137810.188249647,1,2212.89139318466,235900664,FALSE,FALSE,3,4,1,1,1,1,1,0,"1,1,0",1,1,0,9.33059495973276e-06,0.984680749158843,0,0.00509720510659723,0.999651270160861,0.0120467870413987,0,1,1,1,0,0,1,1,2,1,0,2,1,1,0.895431542341156,0.979538587282692,0.802182816476292,0.919608527343647,0.964740558168537,0.984572627785679,"2","2","2",0.484492902541858,0.484492902541858,0.689930732803173,299,200,FALSE,9.33059495973276e-06,0.984680749158843,0,0,0.999651270160861,0.557087150602395,0.310346093366295,0.557087150602395,8,4,0.1133471521903,0.0602065887344701,0.0670322313638618,4,2,0.0758955897252368,0.876343356195745,0.0919372492974056,0.982155555555556,FALSE
"g12ic_06__G12IC__current_1_over_m__12","g12ic_06","current_1_over_m","none",12,82922612,"g12ic_06__seed_12","max_budget_reached",200,FALSE,TRUE,-138721.417071616,1,2069.06419277191,235951680,FALSE,FALSE,3,4,1,1,1,0,1,1,"0,1,1",0,1,1,0,0.000214450910048532,0.999645887546769,0,0,0.999042229690026,7.65170092385662e-06,1,1,1,0,0,1,1,2,0,0,2,1,1,0.727918512189529,0.952648427129065,0.56399005126496,0.890460104506716,0.993390012530688,0.809138966443867,"2","2","2",0.433778460140694,0.433778460140694,0.695030321960469,299,200,FALSE,0,0.000214450910048532,0.999645887546769,0,0.999042229690026,4.64953641018393,21.6181888296261,4.64953641018393,8,4,0.474524543065145,0.0602065887344701,0.429466506386991,4,2,0.702279522666622,65.7104975470439,6.51620235559303,0.996333333333333,FALSE
"g12ic_06__G12IC__gram_unit_energy__01","g12ic_06","gram_unit_energy","function",1,82922601,"g12ic_06__seed_1","max_budget_reached",200,FALSE,TRUE,-131563.881885382,1,2334.76534128189,236154384,FALSE,FALSE,3,4,1,1,1,1,1,1,"1,1,1",1,1,1,2.00882573967806e-10,0.985420188320233,1.54038215427823e-07,0.00509714291623852,0.999665051334026,0.0113447364586198,0.999399913841729,1,2,0,0,0,1,2,1,1,0,3,1,2,0.903791419430504,0.975196519092489,0.868173141509012,0.919486190533129,0.96779647861764,0.984643068004708,"2","2","2",0.393987111104827,0.393987111104827,0.690566315864038,299,200,FALSE,2.00882573967806e-10,0.985420188320233,1.54038215427823e-07,2.00882573967806e-10,0.999665051334026,0.527813280077616,0.278586858626292,0.527813280077616,8,6,0.107756869087721,0.0602065887344701,0.0534761935600845,4,3,0.159903839133281,0.743253814934995,0.090916551275131,0.98717037037037,FALSE
"g12ic_06__G12IC__gram_unit_energy__02","g12ic_06","gram_unit_energy","function",2,82922602,"g12ic_06__seed_2","max_budget_reached",200,FALSE,TRUE,-123120.258144162,1,2338.26739096642,236112848,FALSE,FALSE,3,4,1,1,1,1,1,1,"1,1,1",1,1,1,0.999748425489921,0.998980439580967,0.999655670010749,3.32131550622442e-12,2.14301923247723e-10,3.38274398039881e-09,9.13009766878807e-12,3,0,0,0,0,4,0,0,0,0,4,4,0,0.924338943975871,0.974212316843217,0.961707747664781,0.924338943975871,0.974212316843217,0.961707747664781,"2","2","2",0.167769796310726,0.167769796310726,0.691322506065803,299,200,FALSE,0.999748425489921,0.998980439580967,0.999655670010749,0.998980439580967,3.38274398039881e-09,0.273811971100765,0.0749729955180862,0.273811971100765,8,8,0.0839444844951762,0.0602065887344701,0.0262450117889231,4,4,0.193693376366041,0.629932074499843,0.152377379520733,0.990622222222222,TRUE
"g12ic_06__G12IC__gram_unit_energy__03","g12ic_06","gram_unit_energy","function",3,82922603,"g12ic_06__seed_3","max_budget_reached",200,FALSE,TRUE,-129863.998953361,1,2336.72675466537,236165224,FALSE,FALSE,3,4,1,1,1,1,1,1,"1,1,1",1,1,1,2.95361363870216e-09,1.03896868444796e-09,0.999646241376994,0.998975479650269,0.00456914137069264,0.999514065440988,6.42401249807066e-06,1,2,0,0,0,1,2,1,1,0,3,1,2,0.929122664146336,0.978127136257575,0.953559965907285,0.942154683388124,0.99667206044534,0.94938571174601,"2","2","2",0.327693379124853,0.327693379124853,0.689990672546118,299,200,FALSE,2.95361363870216e-09,1.03896868444796e-09,0.999646241376994,1.03896868444796e-09,0.999514065440988,0.374843871620987,0.140507928091811,0.374843871620987,8,6,0.113642307163893,0.0602065887344701,0.0611893454945357,4,3,0.173728125774181,0.834965077267257,0.267385202585039,0.990044444444444,FALSE
"g12ic_06__G12IC__gram_unit_energy__04","g12ic_06","gram_unit_energy","function",4,82922604,"g12ic_06__seed_4","max_budget_reached",200,FALSE,TRUE,-140983.72461241,1,2202.30096650124,236045664,FALSE,FALSE,3,4,1,1,1,1,1,0,"1,1,0",1,1,0,0.998800128006301,6.40325445028142e-06,0,7.76412182106241e-05,2.70431961999473e-05,0.995764821958018,0,1,0,2,0,1,2,0,2,0,1,2,2,0,0.8487589330752,0.930796482912158,0.944851003270129,0.8487589330752,0.930796482912158,0.944851003270129,"2","2","2",0.507231985317642,0.507231985317642,0.687955665154345,299,200,FALSE,0.998800128006301,6.40325445028142e-06,0,0,0.995764821958018,1.01512980701959,1.03048852509962,1.01512980701959,8,4,0.164394017377289,0.0602065887344701,0.0925448525607067,4,2,0.296061133398241,3.09293456006284,0.0368130994334844,0.999377777777778,FALSE
"g12ic_06__G12IC__gram_unit_energy__05","g12ic_06","gram_unit_energy","function",5,82922605,"g12ic_06__seed_5","max_budget_reached",200,FALSE,TRUE,-131052.661864702,1,2343.55019593239,235659808,FALSE,FALSE,3,4,1,1,1,1,1,1,"1,1,1",1,1,1,1.04468313836299e-10,0.00349551799685521,4.02938722484488e-08,0.00512775256460281,0.999656089869879,0.99422556638604,0.999407865526088,0,2,1,0,1,0,3,1,1,0,3,0,3,0.925374913021485,0.976051618025355,0.946694152581433,0,0,0,"2","2","2",0.316626511311749,0.316626511311749,0.689366565106343,299,200,FALSE,1.04468313836299e-10,0.00349551799685521,4.02938722484488e-08,1.04468313836299e-10,0.999656089869879,0.373762198815697,0.139698181263545,0.373762198815697,8,6,0.118191857529734,0.0602065887344701,0.0594442120963346,4,3,0.240777265626322,0.74801162255548,0.0729649481317004,0.996733333333333,FALSE
"g12ic_06__G12IC__gram_unit_energy__06","g12ic_06","gram_unit_energy","function",6,82922606,"g12ic_06__seed_6","max_budget_reached",200,FALSE,TRUE,-127520.51657777,1,2332.84156513214,236139768,FALSE,FALSE,3,4,1,1,1,1,1,1,"1,1,1",1,1,1,0.999704834281005,0.9989810729332,0.999667347228965,1.84078678847465e-11,1.84863513882458e-12,1.51455723758165e-06,2.75156233553226e-09,3,0,0,0,0,4,0,0,0,0,4,4,0,0.747270102988545,0.923439332067286,0.698815257060473,0.747270102988545,0.923439332067286,0.698815257060473,"2","2","2",0.226162934578999,0.226162934578999,0.697766042426305,299,200,FALSE,0.999704834281005,0.9989810729332,0.999667347228965,0.9989810729332,1.51455723758165e-06,3.22135144882797,10.377105156866,3.22135144882797,8,8,0.517916218181026,0.0602065887344701,0.47969432305591,4,4,0.723032222503563,30.7799783717329,2.07782354763151,0.990148148148148,TRUE
"g12ic_06__G12IC__gram_unit_energy__07","g12ic_06","gram_unit_energy","function",7,82922607,"g12ic_06__seed_7","max_budget_reached",200,FALSE,TRUE,-123839.802154935,1,2335.27107524872,236184384,FALSE,FALSE,3,4,1,1,1,1,1,1,"1,1,1",1,1,1,0.999738022678623,0.998987704209967,0.999659474045256,2.86273226791146e-12,1.26789168156334e-09,2.78590760628934e-09,2.11902716362903e-09,3,0,0,0,0,4,0,0,0,0,4,4,0,0.907038616629727,0.972111173440312,0.75843104792052,0.907038616629727,0.972111173440312,0.75843104792052,"2","2","2",0.173169016979969,0.173169016979969,0.69273671979283,299,200,FALSE,0.999738022678623,0.998987704209967,0.999659474045256,0.998987704209967,2.78590760628934e-09,1.32068450646192,1.74420756560855,1.32068450646192,8,8,0.21340257953047,0.0602065887344701,0.161534727457764,4,4,0.407355888373746,7.23341707957561,0.81766211067692,0.990311111111111,TRUE
"g12ic_06__G12IC__gram_unit_energy__08","g12ic_06","gram_unit_energy","function",8,82922608,"g12ic_06__seed_8","max_budget_reached",200,FALSE,TRUE,-131579.548888298,1,2332.06811833382,236155880,FALSE,FALSE,3,4,1,1,1,1,1,1,"1,1,1",1,1,1,1.91159938156476e-10,0.984297475251633,1.99213178174306e-07,0.00509566350260056,0.999666175229862,0.012401242721957,0.999405502547039,1,2,0,0,0,1,2,1,1,0,3,1,2,0.903522287805621,0.975194627940842,0.868553357719741,0.920186178525043,0.967074501056668,0.984886467454047,"2","2","2",0.393848250061021,0.393848250061021,0.690849433511575,299,200,FALSE,1.91159938156476e-10,0.984297475251633,1.99213178174306e-07,1.91159938156476e-10,0.999666175229862,0.52429969322552,0.274890168316375,0.52429969322552,8,6,0.105750728685313,0.0602065887344701,0.0514136363524379,4,3,0.155668586833062,0.737571724149203,0.0871945302130036,0.987125925925926,FALSE
"g12ic_06__G12IC__gram_unit_energy__09","g12ic_06","gram_unit_energy","function",9,82922609,"g12ic_06__seed_9","max_budget_reached",200,FALSE,TRUE,-123674.819493014,1,2277.48449754715,236186520,FALSE,FALSE,3,4,1,1,1,1,1,1,"1,1,1",1,1,1,0.999752096032713,0.998981817445002,0.999657716009638,4.88062998676186e-11,7.73779152951065e-10,2.77066734365171e-09,1.93061853711512e-10,3,0,0,0,0,4,0,0,0,0,4,4,0,0.906237731862934,0.969496913238616,0.909184826650572,0.906237731862934,0.969496913238616,0.909184826650572,"2","2","2",0.171858996930744,0.171858996930744,0.693787877198987,299,200,FALSE,0.999752096032713,0.998981817445002,0.999657716009638,0.998981817445002,2.77066734365171e-09,0.286525682798424,0.082096966903103,0.286525682798424,8,8,0.10188197288433,0.0602065887344701,0.0435473024887283,4,4,0.191484958227028,0.613197904049521,0.1419116049852,0.990177777777778,TRUE
"g12ic_06__G12IC__gram_unit_energy__10","g12ic_06","gram_unit_energy","function",10,82922610,"g12ic_06__seed_10","max_budget_reached",200,FALSE,TRUE,-145241.917360048,1,2066.11584329605,236059784,FALSE,FALSE,3,4,1,1,1,1,0,0,"1,0,0",1,0,0,9.24516836684183e-06,0,0,0.00511242522040818,0.999653445227381,0,0,0,1,2,0,0,0,1,3,1,0,1,0,1,0.876785225281519,0.994135721844384,0.680465303394908,0,0,0,"2","2","2",0.558783388658427,0.558783388658427,0.688899307856752,299,200,FALSE,9.24516836684183e-06,0,0,0,0.999653445227381,0.674667334099834,0.455176011701377,0.674667334099834,8,2,0.132820944877665,0.0602065887344701,0.0915852512507378,4,1,0.159245482863467,1.01815908284153,0.118904409766535,0.995466666666667,FALSE
"g12ic_06__G12IC__gram_unit_energy__11","g12ic_06","gram_unit_energy","function",11,82922611,"g12ic_06__seed_11","max_budget_reached",200,FALSE,TRUE,-123678.934112244,1,1508.62263798714,236125328,FALSE,FALSE,3,4,1,1,1,1,1,1,"1,1,1",1,1,1,0.999738068296093,0.998988660635765,0.999655674125786,2.62933848639742e-12,3.71725391639022e-10,8.58743200985089e-10,2.70691946598415e-09,3,0,0,0,0,4,0,0,0,0,4,4,0,0.909488493789737,0.97194586899852,0.809552981098686,0.909488493789737,0.97194586899852,0.809552981098686,"2","2","2",0.173281531911522,0.173281531911522,0.691348276692584,299,200,FALSE,0.999738068296093,0.998988660635765,0.999655674125786,0.998988660635765,2.70691946598415e-09,1.16101917211722,1.34796551802376,1.16101917211722,8,8,0.201511553710332,0.0602065887344701,0.149551793277102,4,4,0.391237014097888,5.66041433718053,0.719499635222368,0.990533333333333,TRUE
"g12ic_06__G12IC__gram_unit_energy__12","g12ic_06","gram_unit_energy","function",12,82922612,"g12ic_06__seed_12","max_budget_reached",200,FALSE,TRUE,-137938.784164497,1,1500.14068818092,236092608,FALSE,FALSE,3,4,1,1,1,1,1,1,"1,1,1",1,1,1,1.31258717718012e-05,0.985873431374028,0.984187598901054,0.00516691403698909,0.99950712253242,0.0109372379062226,4.45190017586454e-07,1,1,1,0,1,1,1,2,1,1,2,1,1,0.748677777277974,0.96702922961611,0.941728540320617,0.918896692204921,0.964033080487063,0.98389834969988,"2","2","2",0.483792230685858,0.483792230685858,0.687995639042328,299,200,FALSE,1.31258717718012e-05,0.985873431374028,0.984187598901054,1.31258717718012e-05,0.99950712253242,0.502447860725023,0.252453852747152,0.502447860725023,8,4,0.343005167351516,0.0602065887344701,0.314007484917027,4,2,0.118265559765056,0.848438558641952,0.157739738043368,0.982333333333333,FALSE
